Species ID,Display Order,Fun Fact,Source URL,Verified,,
sp_common_mormon,1,"The Common Mormon’s entire life cycle, from egg-laying to the death of the adult, can last about 30 to 43 days.",https://animaldiversity.org/accounts/Papilio_polytes/,PASS,,
sp_common_mormon,2,Common Mormon eggs usually hatch after only 3 to 5 days.,https://animaldiversity.org/accounts/Papilio_polytes/,PASS,,
sp_common_mormon,3,"Common Mormon caterpillars pass through five growth stages, called instars, before becoming pupae.",https://animaldiversity.org/accounts/Papilio_polytes/,PASS,,
sp_common_mormon,4,"Young Common Mormon caterpillars have white markings that make them look like bird droppings, helping camouflage them from predators.",https://animaldiversity.org/accounts/Papilio_polytes/,PASS,,
sp_common_mormon,5,"When threatened, a Common Mormon caterpillar can push out a forked organ called an osmeterium that releases unpleasant chemicals to discourage predators.",https://animaldiversity.org/accounts/Papilio_polytes/,PASS,,
sp_common_mormon,6,"Some female Common Mormons mimic butterflies that predators find unpleasant to eat, such as the Common Rose and Crimson Rose.",https://animaldiversity.org/accounts/Papilio_polytes/,PASS,,
sp_common_mormon,7,This protective trick is called Batesian mimicry: the edible Common Mormon copies butterflies that predators avoid.,https://animaldiversity.org/accounts/Papilio_polytes/,PASS,,
sp_common_mormon,8,Some female Common Mormons copy both the look and the flying style of butterflies that predators avoid.,https://animaldiversity.org/accounts/Papilio_polytes/,PASS,,
sp_common_mormon,9,Male Common Mormons gather minerals from moist ground and other damp places through a behaviour called puddling,https://animaldiversity.org/accounts/Papilio_polytes/,PASS,,
sp_common_mormon,10,Minerals collected by males during puddling can later be transferred to females during mating and can improve egg-hatching success.,https://animaldiversity.org/accounts/Papilio_polytes/,PASS,,
sp_tailed_jay,1,A Tailed Jay can develop from an egg into an adult butterfly in about 33–36 days.,https://en.wikipedia.org/wiki/Graphium_agamemnon,PASS,,
sp_tailed_jay,2,Tailed Jay eggs are laid one at a time on young leaves and usually hatch after only 3–4 days.,https://en.wikipedia.org/wiki/Graphium_agamemnon,PASS,,
sp_tailed_jay,3,"After hatching, a young Tailed Jay caterpillar usually eats its own empty eggshell as its first meal.",https://butterflycircle.blogspot.com/2009/05/life-history-of-tailed-jay.html,PASS,,
sp_tailed_jay,4,"Tailed Jay caterpillars go through five growth stages, called instars, over about 15–16 days.",https://en.wikipedia.org/wiki/Graphium_agamemnon,PASS,,
sp_tailed_jay,5,"Between feeding periods, Tailed Jay caterpillars often rest along the middle vein of a leaf.",https://butterflycircle.blogspot.com/2009/05/life-history-of-tailed-jay.html,PASS,,
sp_tailed_jay,6,"When disturbed, a Tailed Jay caterpillar can push out a hidden, forked organ called an osmeterium, which releases a smelly secretion to help discourage predators.","https://en.wikipedia.org/wiki/Graphium_agamemnon
https://en.wikipedia.org/wiki/Osmeterium",PASS,,
sp_tailed_jay,7,"Before becoming a pupa, the caterpillar prepares a silk pad and a silk “belt” called a girdle to help hold itself in place.",https://butterflycircle.blogspot.com/2009/05/life-history-of-tailed-jay.html,PASS,,
sp_tailed_jay,8,"The Tailed Jay’s pupal stage lasts about 12–13 days, and just before the adult emerges, its green wing spots can become visible through the pupal skin.",https://butterflycircle.blogspot.com/2009/05/life-history-of-tailed-jay.html,PASS,,
sp_tailed_jay,9,Tailed Jays develop so quickly that there can be seven or eight generations in one year,https://en.wikipedia.org/wiki/Graphium_agamemnon,PASS,,
sp_tailed_jay,10,Tailed Jays are strong and restless fliers and may keep fluttering their wings even while visiting flowers.,https://en.wikipedia.org/wiki/Graphium_agamemnon,PASS,,
sp_oriental_pied_hornbill,1,"Oriental Pied Hornbills can make crow-like calls, braying sounds, harsh crackles and screeches.","https://en.wikipedia.org/wiki/Oriental_pied_hornbill
https://www.nparks.gov.sg/florafaunaweb/fauna/1/7/174",PASS,,
sp_oriental_pied_hornbill,2,Oriental Pied Hornbills usually form one breeding pair rather than having several mates at the same time.,"https://en.wikipedia.org/wiki/Oriental_pied_hornbill
https://www.nparks.gov.sg/florafaunaweb/fauna/1/7/174",PASS,,
sp_oriental_pied_hornbill,3,"They usually do not dig their own nest holes. Instead, they use existing cavities in trees.","https://en.wikipedia.org/wiki/Oriental_pied_hornbill
https://www.nparks.gov.sg/florafaunaweb/fauna/1/7/174",PASS,,
sp_oriental_pied_hornbill,4,"After entering a nest cavity, the female seals most of the entrance using materials such as mud, plant material and other natural materials.","https://en.wikipedia.org/wiki/Oriental_pied_hornbill
https://www.nparks.gov.sg/florafaunaweb/fauna/1/7/174",PASS,,
sp_oriental_pied_hornbill,5,The female leaves only a narrow opening in the sealed nest so food can still be passed inside.,"https://en.wikipedia.org/wiki/Oriental_pied_hornbill
https://www.nparks.gov.sg/florafaunaweb/fauna/1/7/174",PASS,,
sp_oriental_pied_hornbill,6,"While the female is sealed inside the nest, the male collects food and passes it to her through the small opening.","https://en.wikipedia.org/wiki/Oriental_pied_hornbill
https://www.nparks.gov.sg/florafaunaweb/fauna/1/7/174",PASS,,
sp_oriental_pied_hornbill,7,"After the chicks hatch, the female feeds them with food brought to the nest by the male.","https://en.wikipedia.org/wiki/Oriental_pied_hornbill
https://www.nparks.gov.sg/florafaunaweb/fauna/1/7/174",PASS,,
sp_oriental_pied_hornbill,8,The female and chicks can remain inside the nest cavity for several months before the young birds are ready to leave.,"https://en.wikipedia.org/wiki/Oriental_pied_hornbill
https://www.nparks.gov.sg/florafaunaweb/fauna/1/7/174",PASS,,
sp_oriental_pied_hornbill,9,Oriental Pied Hornbills may return to the same nest they used in an earlier breeding season.,"https://en.wikipedia.org/wiki/Oriental_pied_hornbill
https://www.nparks.gov.sg/florafaunaweb/fauna/1/7/174",PASS,,
sp_oriental_pied_hornbill,10,"Their breeding season can begin around February, and its timing can coincide with the beginning of the rainy season and greater fruit availability, depending on location.","https://en.wikipedia.org/wiki/Oriental_pied_hornbill
https://www.nparks.gov.sg/florafaunaweb/fauna/1/7/174",PASS,,
sp_rhinoceros_hornbill,1,The orange and red colour on a Rhinoceros Hornbill’s bill and casque comes from oil that the bird rubs onto them from a gland near its tail.,https://en.wikipedia.org/wiki/Rhinoceros_hornbill,PASS,,
sp_rhinoceros_hornbill,2,"Rhinoceros Hornbills can make a loud two-part call that can be heard from several kilometres away, and pairs may call together as a duet.",https://iucnhornbills.org/rhinoceros-hornbill/,PASS,,
sp_rhinoceros_hornbill,3,Their wings make a loud whooshing sound when they fly.,https://iucnhornbills.org/rhinoceros-hornbill/,PASS,,
sp_rhinoceros_hornbill,4,"During nesting, the female stays inside a tree cavity with the eggs and chicks while the male brings food to the nest.",https://en.wikipedia.org/wiki/Rhinoceros_hornbill,PASS,,
sp_rhinoceros_hornbill,5,"The pair seals most of the nest entrance with a mixture that can include mud, food and droppings.",https://en.wikipedia.org/wiki/Rhinoceros_hornbill,PASS,,
sp_rhinoceros_hornbill,6,"They leave only a tiny opening in the sealed nest, just large enough for the male to pass food inside and for waste to be pushed out.",https://en.wikipedia.org/wiki/Rhinoceros_hornbill,PASS,,
sp_rhinoceros_hornbill,7,"When the chicks are fully feathered and old enough to leave, the parents chip away the dried nest seal to open the cavity.",https://en.wikipedia.org/wiki/Rhinoceros_hornbill,PASS,,
sp_rhinoceros_hornbill,8,"The female must rely heavily on her mate during nesting, so courtship and pair bonding are especially important before she seals herself inside the nest.",https://en.wikipedia.org/wiki/Rhinoceros_hornbill,PASS,,
sp_rhinoceros_hornbill,9,Rhinoceros Hornbills are the national bird of Malaysia and the state bird of Sarawak.,https://en.wikipedia.org/wiki/Rhinoceros_hornbill,PASS,,
sp_rhinoceros_hornbill,10,"The Rhinoceros Hornbill’s name comes from its large horn-shaped casque, which resembles the horn of a rhinoceros.",https://en.wikipedia.org/wiki/Rhinoceros_hornbill,PASS,,
sp_asian_elephant,1,The Asian Elephant is the largest living land animal in Asia.,https://www.worldwildlife.org/species/elephant/asian-elephant/,PASS,,
sp_asian_elephant,2,"Evidence suggests Asian elephants typically live into their mid-50s, although their lifespan in the wild is not fully understood.",https://nationalzoo.si.edu/animals/asian-elephant,PASS,,
sp_asian_elephant,3,An adult Asian elephant can eat up to about 150 kilograms of food in a day.,https://www.fauna-flora.org/species/asian-elephant/,PASS,,
sp_asian_elephant,4,"Asian elephants have one finger-like tip at the end of their trunk, which helps them handle small objects precisely.",https://nationalzoo.si.edu/animals/asian-elephant,PASS,,
sp_asian_elephant,5,"An Asian elephant’s trunk can hold about 7.6 litres of water and is used for drinking, smelling, touching, lifting and communicating.",https://nationalzoo.si.edu/animals/asian-elephant,PASS,,
sp_asian_elephant,6,Asian elephants can communicate over long distances using very low-pitched rumbles that other elephants can hear from more than 2 miles away.,https://nationalzoo.si.edu/animals/asian-elephant,PASS,,
sp_asian_elephant,7,"Elephants can use smell to recognise another elephant’s identity, sex and reproductive condition.",https://nationalzoo.si.edu/animals/asian-elephant,PASS,,
sp_asian_elephant,8,"Asian elephants often touch one another with their trunks to communicate greetings, reassurance, play and other social messages.",https://nationalzoo.si.edu/animals/asian-elephant,PASS,,
sp_asian_elephant,9,"Asian elephants grow six sets of teeth during their lives, and new teeth move forward to replace worn ones like a conveyor belt.",https://nationalzoo.si.edu/animals/asian-elephant,PASS,,
sp_asian_elephant,10,Asian elephants can use tools and show behaviours associated with grief and compassion.,https://www.fauna-flora.org/species/asian-elephant/,PASS,,
sp_malayan_tiger,1,The Malayan Tiger is the national animal of Malaysia.,https://en.wikipedia.org/wiki/Malayan_tiger,PASS,,
sp_malayan_tiger,2,A Malayan Tiger can live for up to about 20 years in the wild.,https://malaysianwildlife.org/malayan-tiger-panthera-tigris-jacksoni/,PASS,,
sp_malayan_tiger,3,Malayan Tigers are smaller on average than Bengal Tigers.,https://en.wikipedia.org/wiki/Malayan_tiger,PASS,,
sp_malayan_tiger,4,Their orange coat and dark stripes help them blend into the background while stalking prey.,https://malaysianwildlife.org/malayan-tiger-panthera-tigris-jacksoni/,PASS,,
sp_malayan_tiger,5,Malayan Tigers are excellent swimmers and are known to enjoy being in water.,https://www.wwf.org.my/tiger_facts/the_malayan_tiger/,PASS,,
sp_malayan_tiger,6,"Malayan Tigers are usually solitary, except during mating or when mothers are nurturing the cubs.",https://www.wwf.org.my/tiger_facts/the_malayan_tiger/,PASS,,
sp_malayan_tiger,7,"Female Malayan Tigers can leave scent signals to show males that they are ready to mate, while males use scent to mark their territory.",https://malaysianwildlife.org/malayan-tiger-panthera-tigris-jacksoni/,PASS,,
sp_malayan_tiger,8,"Malayan Tigers can communicate using different sounds, including chuffs, moans, growls and roars.",https://malaysianwildlife.org/malayan-tiger-panthera-tigris-jacksoni/,PASS,,
sp_malayan_tiger,9,Tiger cubs are born blind; their eyes begin to open after about 6–12 days and they gain full vision at around two weeks old.,https://malaysianwildlife.org/malayan-tiger-panthera-tigris-jacksoni/,PASS,,
sp_malayan_tiger,10,Malayan Tiger cubs usually stay with their mother until they are about two years old before leaving to live independently.,https://www.wwf.org.my/tiger_facts/the_malayan_tiger/,PASS,,
sp_malayan_tapir,1,The Malayan Tapir is the largest of the world’s tapir species.,https://en.wikipedia.org/wiki/Malayan_tapir,PASS,,
sp_malayan_tapir,2,Average lifespan of Malayan tapirs is approximately 30 years. They have been recorded living up to 36.5 years in captivity.,https://animaldiversity.org/accounts/Tapirus_indicus/,PASS,,
sp_malayan_tapir,3,"Baby Malayan Tapirs are born with pale stripes and spots, but these markings gradually fade by about six months of age.",https://animaldiversity.org/accounts/Tapirus_indicus/,PASS,,
sp_malayan_tapir,4,"A Malayan Tapir has a flexible snout formed by its nose and upper lip, which it can use to grasp leaves and bring food to its mouth.",https://animaldiversity.org/accounts/Tapirus_indicus/,PASS,,
sp_malayan_tapir,5,Malayan Tapirs are good swimmers and can even walk along the bottom of deep rivers while holding their breath for up to about 90 seconds.,https://animaldiversity.org/accounts/Tapirus_indicus/,PASS,,
sp_malayan_tapir,6,"They are most active during the evening and night, especially around dusk and dawn.",https://animaldiversity.org/accounts/Tapirus_indicus/,PASS,,
sp_malayan_tapir,7,"Malayan Tapirs can communicate using whistles, clicks and hiccup-like sounds.",https://animaldiversity.org/accounts/Tapirus_indicus/,PASS,,
sp_malayan_tapir,8,"A Malayan Tapir pregnancy lasts about 13 to 13.5 months, and usually only one calf is born at a time.",https://animaldiversity.org/accounts/Tapirus_indicus/,PASS,,
sp_malayan_tapir,9,A newborn Malayan Tapir can usually stand within one or two hours after birth and can swim when it is only about three weeks old.,https://animaldiversity.org/accounts/Tapirus_indicus/,PASS,,
sp_malayan_tapir,10,"If a predator attacks, a Malayan Tapir may escape into water. If the attacker grabs its neck, it may try to knock it off against a tree.",https://animaldiversity.org/accounts/Tapirus_indicus/,PASS,,
sp_sun_bear,1,The Sun Bear is the smallest bear species in the world.,https://en.wikipedia.org/wiki/Sun_bear,PASS,,
sp_sun_bear,2,Sun Bears have extremely long tongues that help them reach honey hidden inside bee nests.,https://www.nationalgeographic.com/animals/mammals/facts/sun-bear,PASS,,
sp_sun_bear,3,The pale patch on a Sun Bear’s chest gives the species its name because it can resemble a rising sun.,"https://www.nationalgeographic.com/animals/mammals/facts/sun-bear
https://www.inaturalist.org/taxa/41655-Helarctos-malayanus",PASS,,
sp_sun_bear,4,"A Sun Bear’s chest patch can be U-shaped, round or shaped like a spot. Some Sun Bears have no chest patch at all!",https://www.inaturalist.org/taxa/41655-Helarctos-malayanus,PASS,,
sp_sun_bear,5,Sun Bears are excellent climbers and are considered the most tree-dwelling of all bear species.,https://en.wikipedia.org/wiki/Sun_bear,PASS,,
sp_sun_bear,6,They can build sleeping platforms high in trees using branches and leaves.,"https://www.nationalgeographic.com/animals/mammals/facts/sun-bear
https://www.inaturalist.org/taxa/41655-Helarctos-malayanus",PASS,,
sp_sun_bear,7,"Unlike many bears, Sun Bears do not hibernate because food is available throughout the year in their tropical environment.",https://www.inaturalist.org/taxa/41655-Helarctos-malayanus,PASS,,
sp_sun_bear,8,Sun Bears can mate throughout the year instead of having only one short breeding season.,"https://en.wikipedia.org/wiki/Sun_bear
https://malaysianwildlife.org/malayan-sun-bear-helarctos-malayanus/",PASS,,
sp_sun_bear,9,"A mother Sun Bear usually gives birth to one or two cubs, and the cubs remain with their mother for years while they grow.","https://en.wikipedia.org/wiki/Sun_bear
https://www.nationalgeographic.com/animals/mammals/facts/sun-bear",PASS,,
sp_sun_bear,10,"Mother Sun Bears have been observed carrying a cub in their arms while walking on their hind legs, an unusual behaviour among bears.","https://www.nationalgeographic.com/animals/mammals/facts/sun-bear
https://www.inaturalist.org/taxa/41655-Helarctos-malayanus",PASS,,
sp_proboscis_monkey,1,"In the wild, Proboscis Monkeys are found only on the island of Borneo.","https://www.nationalgeographic.com/animals/mammals/facts/proboscis-monkey
https://en.wikipedia.org/wiki/Proboscis_monkey",PASS,,
sp_proboscis_monkey,2,Proboscis Monkeys can swim across rivers and may even swim underwater for up to about 20 metres.,https://en.wikipedia.org/wiki/Proboscis_monkey,PASS,,
sp_proboscis_monkey,3,Their partially webbed fingers and toes help them move through water.,https://www.nationalgeographic.com/animals/mammals/facts/proboscis-monkey ,PASS,,
sp_proboscis_monkey,4,Adult males have very large noses that can help make their calls louder.,"https://www.nationalgeographic.com/animals/mammals/facts/proboscis-monkey
https://en.wikipedia.org/wiki/Proboscis_monkey",PASS,,
sp_proboscis_monkey,5,A male’s large nose may help attract females and intimidate rival males by amplifying his calls.,https://www.nationalgeographic.com/animals/mammals/facts/proboscis-monkey,PASS,,
sp_proboscis_monkey,6,"Proboscis Monkeys usually live in groups with one adult male, several females and their young.","https://www.nationalgeographic.com/animals/mammals/facts/proboscis-monkey
https://en.wikipedia.org/wiki/Proboscis_monkey",PASS,,
sp_proboscis_monkey,7,Several Proboscis Monkey groups may gather together near water at night to sleep.,"https://www.nationalgeographic.com/animals/mammals/facts/proboscis-monkey
https://en.wikipedia.org/wiki/Proboscis_monkey",PASS,,
sp_proboscis_monkey,8,"Male Proboscis Monkeys make different calls for different situations, including honks for group communication and alarm calls when danger is nearby.",https://en.wikipedia.org/wiki/Proboscis_monkey,PASS,,
sp_proboscis_monkey,9,Young Proboscis Monkeys begin eating solid food at about six weeks old and are usually weaned at around seven months.,https://en.wikipedia.org/wiki/Proboscis_monkey,PASS,,
sp_proboscis_monkey,10,A mother Proboscis Monkey may allow other members of her group to hold her baby.,https://en.wikipedia.org/wiki/Proboscis_monkey,PASS,,
sp_mouse_deer,1,The Lesser Mouse-deer is one of the smallest hoofed mammals in the world and can weigh only around 1.4–2.5 kg.,"https://www.ecologyasia.com/verts/mammals/lesser_mousedeer.htm
https://www.inaturalist.org/taxa/75193-Tragulus-kanchil",PASS,,
sp_mouse_deer,2,"Unlike true deer, Lesser Mouse-deer do not have antlers or horns. Adult males instead have protruding canine teeth.","https://www.ecologyasia.com/verts/mammals/lesser_mousedeer.htm
https://www.inaturalist.org/taxa/75193-Tragulus-kanchil",PASS,,
sp_mouse_deer,3,Male Lesser Mouse-deer have a swollen scent gland beneath the chin that is used in territorial marking and reproductive behaviour.,"https://www.ecologyasia.com/verts/mammals/lesser_mousedeer.htm
https://www.inaturalist.org/taxa/75193-Tragulus-kanchil",PASS,,
sp_mouse_deer,4,"Lesser Mouse-deer are mainly active around dawn and dusk, although some may also be active at night.","https://www.ecologyasia.com/verts/mammals/lesser_mousedeer.htm
https://www.inaturalist.org/taxa/75193-Tragulus-kanchil",PASS,,
sp_mouse_deer,5,"Researchers once thought Lesser Mouse-deer were mainly nocturnal, but later studies found that they can also be active during the daytime.",https://en.wikipedia.org/wiki/Lesser_mouse-deer,PASS,,
sp_mouse_deer,6,Female Lesser Mouse-deer can reproduce throughout the year instead of having only one breeding season.,https://en.wikipedia.org/wiki/Lesser_mouse-deer,PASS,,
sp_mouse_deer,7,Males use their elongated canine teeth in fights with other males.,https://www.inaturalist.org/taxa/75193-Tragulus-kanchil,PASS,,
sp_mouse_deer,8,Lesser Mouse-deer are usually solitary or live in pairs rather than forming large herds.,"https://www.ecologyasia.com/verts/mammals/lesser_mousedeer.htm
https://www.inaturalist.org/taxa/75193-Tragulus-kanchil",PASS,,
sp_mouse_deer,9,"The Lesser Mouse-deer has a distinctive inverted V-shaped, or chevron, white marking on its throat and upper chest.","https://www.ecologyasia.com/verts/mammals/lesser_mousedeer.htm
https://www.inaturalist.org/taxa/75193-Tragulus-kanchil",PASS,,
sp_mouse_deer,10,"The mouse-deer, known as “Sang Kancil” in Malay folklore, is famous as a clever trickster character in traditional stories.",https://en.wikipedia.org/wiki/Lesser_mouse-deer,PASS,,
sp_sunda_colugo,1,"The Sunda Colugo is also called the Sunda Flying Lemur, but it is not actually a lemur and it does not truly fly.","https://en.wikipedia.org/wiki/Sunda_flying_lemur
https://animalia.bio/sunda-flying-lemur?property=94#google_vignette",PASS,,
sp_sunda_colugo,2,"A large skin membrane called a patagium stretches from the neck to the limbs, fingers, toes and tail, allowing the colugo to glide between trees.","https://en.wikipedia.org/wiki/Sunda_flying_lemur
https://biodiversitysg.nparks.gov.sg/our-biodiversity/mammals/other-mammals/sunda-colugo/",PASS,,
sp_sunda_colugo,3,A Sunda Colugo can glide for more than 100 metres while losing very little height.,"https://en.wikipedia.org/wiki/Sunda_flying_lemur
https://animalia.bio/sunda-flying-lemur?property=94#google_vignette",PASS,,
sp_sunda_colugo,4,Longer glides can actually give a Sunda Colugo a softer landing because it can slow itself down in the air before reaching a tree.,https://en.wikipedia.org/wiki/Sunda_flying_lemur,PASS,,
sp_sunda_colugo,5,Sunda Colugos are excellent climbers in trees but are very awkward and almost helpless on the ground.,"https://en.wikipedia.org/wiki/Sunda_flying_lemur
https://animalia.bio/sunda-flying-lemur?property=94#google_vignette",PASS,,
sp_sunda_colugo,6,"They are mainly active at night, and their large eyes help them see well in dim light.","https://www.ecologyasia.com/verts/mammals/colugo.htm
https://biodiversitysg.nparks.gov.sg/our-biodiversity/mammals/other-mammals/sunda-colugo/",PASS,,
sp_sunda_colugo,7,"A mother Sunda Colugo carries her baby clinging underneath her body, even while she is gliding.","https://www.ecologyasia.com/verts/mammals/colugo.htm
https://biodiversitysg.nparks.gov.sg/our-biodiversity/mammals/other-mammals/sunda-colugo/",PASS,,
sp_sunda_colugo,8,A mother can fold part of her gliding membrane near her tail to make a warm pouch-like shelter for her baby.,https://animalia.bio/sunda-flying-lemur?property=94#google_vignette,PASS,,
sp_sunda_colugo,9,"A Sunda Colugo pregnancy lasts about 60 days, and usually one baby is born at a time, although twins are rare.","https://en.wikipedia.org/wiki/Sunda_flying_lemur
https://animalia.bio/sunda-flying-lemur?property=94#google_vignette",PASS,,
sp_sunda_colugo,10,"When threatened, a Sunda Colugo may climb higher into a tree or stay completely still instead of trying to fight.",https://animalia.bio/sunda-flying-lemur?property=94#google_vignette,PASS,,
sp_malayan_pangolin,1,The Malayan Pangolin is also known as the Sunda Pangolin.,https://en.wikipedia.org/wiki/Sunda_pangolin,PASS,,
sp_malayan_pangolin,2,A Malayan Pangolin has no teeth and uses a very long sticky tongue to collect ants and termites.,https://animaldiversity.org/accounts/Manis_javanica/,PASS,,
sp_malayan_pangolin,3,Its tongue can extend to about 25 cm and is so long that part of it passes through the chest and anchors near the pelvis.,https://animaldiversity.org/accounts/Manis_javanica/,PASS,,
sp_malayan_pangolin,4,"Malayan Pangolins are covered in overlapping scales made from keratin, the same material found in human hair and nails.",https://animaldiversity.org/accounts/Manis_javanica/,PASS,,
sp_malayan_pangolin,5,"When threatened, a mother pangolin can curl into a tight ball with her baby protected inside.",https://animaldiversity.org/accounts/Manis_javanica/,PASS,,
sp_malayan_pangolin,6,A young Malayan Pangolin can ride on the base of its mother’s tail while travelling.,https://animaldiversity.org/accounts/Manis_javanica/,PASS,,
sp_malayan_pangolin,7,"Malayan Pangolins are mainly nocturnal and usually live alone, although they are sometimes seen in pairs.",https://animaldiversity.org/accounts/Manis_javanica/,PASS,,
sp_malayan_pangolin,8,"They can climb trees using their strong claws and prehensile tail, and they have also been observed swimming.",https://animaldiversity.org/accounts/Manis_javanica/,PASS,,
sp_malayan_pangolin,9,"A Malayan Pangolin can close its nostrils and ear openings, which helps protect them while digging into ant or termite nests.",https://animaldiversity.org/accounts/Manis_javanica/,PASS,,
sp_malayan_pangolin,10,"Newborn Malayan Pangolins have soft scales that harden after birth, and usually only one young is born at a time.",https://animaldiversity.org/accounts/Manis_javanica/,PASS,,
sp_green_sea_turtle,1,"Green Sea Turtles get their name from the greenish colour of their body fat, not from the colour of their shell.","https://www.nationalgeographic.com/animals/reptiles/facts/green-sea-turtle
https://www.worldwildlife.org/species/sea-turtle/green-turtle/
https://malaysianwildlife.org/green-sea-turtle-chelonia-mydas/",PASS,,
sp_green_sea_turtle,2,Green Sea Turtles can live for at least 70 years or more.,https://www.fisheries.noaa.gov/species/green-turtle,PASS,,
sp_green_sea_turtle,3,"Adult Green Sea Turtles are the only sea turtles whose diet is mainly herbivorous, feeding mostly on seagrass and algae.","https://www.fisheries.noaa.gov/species/green-turtle
https://www.nationalgeographic.com/animals/reptiles/facts/green-sea-turtle",PASS,,
sp_green_sea_turtle,4,Female Green Sea Turtles are remarkable navigators and usually return to a beach in the same general area where they hatched to lay their own eggs.,https://www.fisheries.noaa.gov/species/green-turtle,PASS,,
sp_green_sea_turtle,5,Green Sea Turtles can migrate hundreds to thousands of miles between feeding areas and nesting beaches.,"https://www.fisheries.noaa.gov/species/green-turtle
https://www.worldwildlife.org/species/sea-turtle/green-turtle/
",PASS,,
sp_green_sea_turtle,6,"Green Sea Turtles can travel very long distances between their feeding grounds and nesting beaches, sometimes crossing entire ocean regions.","https://www.fisheries.noaa.gov/species/green-turtle
https://www.worldwildlife.org/species/sea-turtle/green-turtle/
",PASS,,
sp_green_sea_turtle,7,"A female Green Sea Turtle can lay around 100–200 eggs in a single nest, then cover the nest and return to the sea.","https://www.nationalgeographic.com/animals/reptiles/facts/green-sea-turtle
https://www.worldwildlife.org/species/sea-turtle/green-turtle/
https://malaysianwildlife.org/green-sea-turtle-chelonia-mydas/",PASS,,
sp_green_sea_turtle,8,Green Sea Turtle eggs incubate in warm sand for about two months before the hatchlings emerge.,"https://www.fisheries.noaa.gov/species/green-turtle
https://www.nationalgeographic.com/animals/reptiles/facts/green-sea-turtle",PASS,,
sp_green_sea_turtle,9,Newly hatched Green Sea Turtles find the ocean by moving toward the brightest horizon and away from the dark outline of dunes and vegetation.,https://www.fisheries.noaa.gov/species/green-turtle,PASS,,
sp_green_sea_turtle,10,The temperature of the sand around a sea turtle nest can influence whether the hatchlings develop as males or females.,https://www.fisheries.noaa.gov/species/green-turtle,PASS,,
sp_reticulated_python,1,The Reticulated Python is the longest snake species in the world.,"https://biodiversitysg.nparks.gov.sg/our-biodiversity/reptiles/snakes/reticulated-python/
https://www.ecologyasia.com/verts/snakes/reticulated_python.htm",PASS,,
sp_reticulated_python,2,Its name “reticulated” comes from the net-like pattern on its skin.,https://biodiversitysg.nparks.gov.sg/our-biodiversity/reptiles/snakes/reticulated-python/,PASS,,
sp_reticulated_python,3,Reticulated Pythons are non-venomous and kill prey by constriction.,"https://www.ecologyasia.com/verts/snakes/reticulated_python.htm
https://en.wikipedia.org/wiki/Reticulated_python",PASS,,
sp_reticulated_python,4,Heat-sensitive pits around the lips help a Reticulated Python detect warm-blooded prey.,"https://www.ecologyasia.com/verts/snakes/reticulated_python.htm
https://en.wikipedia.org/wiki/Reticulated_python",PASS,,
sp_reticulated_python,5,Reticulated Pythons rely heavily on smell and touch because they do not hear airborne sounds the way humans do.,https://animaldiversity.org/accounts/Python_reticulatus/,PASS,,
sp_reticulated_python,6,"Instead of external ears, they can sense vibrations travelling through the ground.",https://animaldiversity.org/accounts/Python_reticulatus/,PASS,,
sp_reticulated_python,7,Reticulated Pythons are excellent swimmers and have even been recorded far out at sea.,"https://biodiversitysg.nparks.gov.sg/our-biodiversity/reptiles/snakes/reticulated-python/
https://en.wikipedia.org/wiki/Reticulated_python",PASS,,
sp_reticulated_python,8,A female can lay a large clutch of eggs; NParks reports around 15–80 eggs in a clutch.,https://biodiversitysg.nparks.gov.sg/our-biodiversity/reptiles/snakes/reticulated-python/,PASS,,
sp_reticulated_python,9,Reticulated Python eggs can take about 88 days to hatch.,https://biodiversitysg.nparks.gov.sg/our-biodiversity/reptiles/snakes/reticulated-python/,PASS,,
sp_reticulated_python,10,Male Reticulated Pythons may fight other males when competing for a female.,https://animaldiversity.org/accounts/Python_reticulatus/,PASS,,
sp_saltwater_crocodile,1,The Saltwater Crocodile is the largest living reptile in the world.,"https://www.nationalgeographic.com/animals/reptiles/facts/saltwater-crocodile
https://www.britannica.com/animal/estuarine-crocodile",PASS,,
sp_saltwater_crocodile,2,Saltwater Crocodiles can live for about 70 years in the wild.,https://www.nationalgeographic.com/animals/reptiles/facts/saltwater-crocodile,PASS,,
sp_saltwater_crocodile,3,Saltwater Crocodiles are excellent swimmers and can travel long distances through the sea.,"https://en.wikipedia.org/wiki/Saltwater_crocodile
https://oceana.org/marine-life/saltwater-crocodile/",PASS,,
sp_saltwater_crocodile,4,They are ambush predators that can stay almost motionless before suddenly attacking prey near the water’s edge.,"https://www.britannica.com/animal/estuarine-crocodile
https://www.nationalgeographic.com/animals/reptiles/facts/saltwater-crocodile",PASS,,
sp_saltwater_crocodile,5,"Their eyes, ears and nostrils sit high on the head, allowing most of the body to remain hidden underwater while they watch and breathe.","https://www.britannica.com/animal/estuarine-crocodile
https://www.nationalgeographic.com/animals/reptiles/facts/saltwater-crocodile",PASS,,
sp_saltwater_crocodile,6,Saltwater Crocodiles have special pressure-sensitive organs around their jaws that help them detect movements and vibrations in the water.,"https://en.wikipedia.org/wiki/Saltwater_crocodile
https://oceana.org/marine-life/saltwater-crocodile/",PASS,,
sp_saltwater_crocodile,7,Female Saltwater Crocodiles build mound-shaped nests from vegetation and mud and lay their eggs inside.,"https://www.nationalgeographic.com/animals/reptiles/facts/saltwater-crocodile
https://en.wikipedia.org/wiki/Saltwater_crocodile",PASS,,
sp_saltwater_crocodile,8,The temperature inside a crocodile nest helps determine whether the hatchlings develop as males or females.,https://en.wikipedia.org/wiki/Saltwater_crocodile,PASS,,
sp_saltwater_crocodile,9,A mother Saltwater Crocodile can help newly hatched babies reach the water by gently carrying them in her mouth.,"https://www.nationalgeographic.com/animals/reptiles/facts/saltwater-crocodile
https://en.wikipedia.org/wiki/Saltwater_crocodile",PASS,,
sp_saltwater_crocodile,10,Saltwater Crocodiles use their powerful tails as the main source of thrust when swimming.,"https://www.britannica.com/animal/estuarine-crocodile
https://oceana.org/marine-life/saltwater-crocodile/",PASS,,
sp_yellow_bellied_bulbul,1,"Yellow-bellied Bulbuls are resident birds, meaning they usually stay in the same general region all year instead of making long seasonal migrations.",https://animalia.bio/yellow-bellied-bulbul#google_vignette,PASS,,
sp_yellow_bellied_bulbul,2,"They are mainly forest birds and often stay hidden in dense vegetation, which can make them easier to hear than to see.",https://animalia.bio/yellow-bellied-bulbul#google_vignette,PASS,,
sp_yellow_bellied_bulbul,3,"Their calls can sound rough and rasping, including repeated “cherrit-berrit”-type notes.","https://ebird.org/species/yebbul2?siteLanguage=en_MY&continue
https://birdsoftheworld.org/bow/species/yebbul2/cur/introduction",PASS,,
sp_yellow_bellied_bulbul,4,Yellow-bellied Bulbuls can keep repeating their calls every few seconds for quite a while.,https://birdsoftheworld.org/bow/species/yebbul2/cur/introduction,PASS,,
sp_yellow_bellied_bulbul,5,They usually forage in the lower and middle levels of the forest rather than spending all their time high in the canopy.,https://birdsoftheworld.org/bow/species/yebbul2/cur/introduction,PASS,,
sp_yellow_bellied_bulbul,6,"Yellow-bellied Bulbuls eat both fruit and animal prey such as insects, making them omnivores.",https://birdsoftheworld.org/bow/species/yebbul2/cur/introduction,PASS,,
sp_yellow_bellied_bulbul,7,Adults have been observed eating berries while giving animal prey to their young.,https://birdsoftheworld.org/bow/species/yebbul2/cur/introduction,PASS,,
sp_yellow_bellied_bulbul,8,"They lay eggs rather than giving birth to live young, as all bulbuls do.",https://animalia.bio/yellow-bellied-bulbul#google_vignette,PASS,,
sp_yellow_bellied_bulbul,9,"Four recognised subspecies of Yellow-bellied Bulbul occur across the Malay Peninsula, Sumatra and different parts of Borneo.",https://en.wikipedia.org/wiki/Yellow-bellied_bulbul,PASS,,
sp_yellow_bellied_bulbul,10,"Different Yellow-bellied Bulbul subspecies are associated with different parts of Borneo, including western, central and north-eastern Borneo.",https://en.wikipedia.org/wiki/Yellow-bellied_bulbul,PASS,,
sp_white_breasted_waterhen,1,White-breasted Waterhens often walk with their short tails held up and repeatedly flick them while moving.,"https://en.wikipedia.org/wiki/White-breasted_waterhen
https://www.nparks.gov.sg/florafaunaweb/fauna/3/7/37",PASS,,
sp_white_breasted_waterhen,2,"The rusty-red patch under the tail can be flashed as a visual signal to mates and chicks, or to show predators that they have been spotted.",https://www.nparks.gov.sg/florafaunaweb/fauna/3/7/37,PASS,,
sp_white_breasted_waterhen,3,They are most active around dawn and dusk rather than in the middle of the day.,"https://en.wikipedia.org/wiki/White-breasted_waterhen
https://animalia.bio/white-breasted-waterhen?taxonomy=756#google_vignette",PASS,,
sp_white_breasted_waterhen,4,"White-breasted Waterhens make loud croaks, grunts and chuckling calls, especially around dawn and dusk.","https://en.wikipedia.org/wiki/White-breasted_waterhen
https://www.nparks.gov.sg/florafaunaweb/fauna/3/7/37",PASS,,
sp_white_breasted_waterhen,5,"They can search for food by probing their bills into mud or shallow water, and they can also pick food up by sight.","https://en.wikipedia.org/wiki/White-breasted_waterhen
https://animalia.bio/white-breasted-waterhen?taxonomy=756#google_vignette",PASS,,
sp_white_breasted_waterhen,6,White-breasted Waterhens have been observed carefully washing small fish in water before eating them.,"https://en.wikipedia.org/wiki/White-breasted_waterhen
https://animalia.bio/white-breasted-waterhen?taxonomy=756#google_vignette",PASS,,
sp_white_breasted_waterhen,7,"Their courtship can include bowing, touching bills and gentle nibbling between the pair.","https://en.wikipedia.org/wiki/White-breasted_waterhen
https://animalia.bio/white-breasted-waterhen?taxonomy=756#google_vignette",PASS,,
sp_white_breasted_waterhen,8,"A pair usually lays about 6–7 eggs, and the eggs hatch after around 19 days.","https://en.wikipedia.org/wiki/White-breasted_waterhen
https://animalia.bio/white-breasted-waterhen?taxonomy=756#google_vignette",PASS,,
sp_white_breasted_waterhen,9,Both the male and female help incubate the eggs and care for the chicks.,"https://en.wikipedia.org/wiki/White-breasted_waterhen
https://animalia.bio/white-breasted-waterhen?taxonomy=756#google_vignette",PASS,,
sp_white_breasted_waterhen,10,"Young White-breasted Waterhens can dive underwater when they sense danger, helping them escape predators.","https://en.wikipedia.org/wiki/White-breasted_waterhen
https://animalia.bio/white-breasted-waterhen?taxonomy=756#google_vignette",PASS,,
sp_asian_small_clawed_otter,1,The Asian Small-clawed Otter is the smallest otter species in the world.,"https://nationalzoo.si.edu/animals/asian-small-clawed-otter
https://www.inaturalist.org/taxa/1638835-Lutra-cinerea",PASS,,
sp_asian_small_clawed_otter,2,"Its claws do not extend beyond the pads of its fingers and toes, which gives it excellent dexterity.","https://nationalzoo.si.edu/animals/asian-small-clawed-otter
https://www.inaturalist.org/taxa/1638835-Lutra-cinerea",PASS,,
sp_asian_small_clawed_otter,3,"Asian Small-clawed Otters often use their sensitive front paws, rather than their mouths, to feel for and catch food.",https://nationalzoo.si.edu/animals/asian-small-clawed-otter,PASS,,
sp_asian_small_clawed_otter,4,"They can use at least 12 different vocalisations, including calls for greeting, contact, threats and alarms.","https://nationalzoo.si.edu/animals/asian-small-clawed-otter
https://en.wikipedia.org/wiki/Asian_small-clawed_otter",PASS,,
sp_asian_small_clawed_otter,5,"They also communicate through scent marks, which can carry information about identity, sex and reproductive condition.",https://nationalzoo.si.edu/animals/asian-small-clawed-otter,PASS,,
sp_asian_small_clawed_otter,6,Asian Small-clawed Otters can live in large family groups of up to about 15–20 individuals.,https://nationalzoo.si.edu/animals/asian-small-clawed-otter,PASS,,
sp_asian_small_clawed_otter,7,"Even though they live in family groups, they usually hunt by themselves.",https://nationalzoo.si.edu/animals/asian-small-clawed-otter,PASS,,
sp_asian_small_clawed_otter,8,Older siblings can help their parents feed and care for younger pups.,https://nationalzoo.si.edu/animals/asian-small-clawed-otter,PASS,,
sp_asian_small_clawed_otter,9,Females can give birth to one to six pups after a pregnancy of about 68–72 days.,https://nationalzoo.si.edu/animals/asian-small-clawed-otter,PASS,,
sp_asian_small_clawed_otter,10,"Young otters begin entering shallow water at around three months old, under their mother’s guidance.",https://en.wikipedia.org/wiki/Asian_small-clawed_otter,PASS,,
sp_bornean_partridge,1,"The Bornean Partridge is found only on Borneo, making it an island-endemic bird.","https://en.wikipedia.org/wiki/Red-breasted_partridge
https://www.inaturalist.org/taxa/776-Arborophila-hyperythra",PASS,,
sp_bornean_partridge,2,It is about 27 cm long and weighs around 270 g.,https://en.wikipedia.org/wiki/Red-breasted_partridge,PASS,,
sp_bornean_partridge,3,"It has patches of bare red skin around its throat, although these are usually partly hidden by feathers.",https://en.wikipedia.org/wiki/Red-breasted_partridge,PASS,,
sp_bornean_partridge,4,Females usually have slightly duller plumage than males.,https://en.wikipedia.org/wiki/Red-breasted_partridge,PASS,,
sp_bornean_partridge,5,Bornean Partridges often search for food in groups rather than always feeding alone.,https://en.wikipedia.org/wiki/Red-breasted_partridge,PASS,,
sp_bornean_partridge,6,They forage through dense thickets and may also search for food along forest roads and near rivers.,https://en.wikipedia.org/wiki/Red-breasted_partridge,PASS,,
sp_bornean_partridge,7,They roost in bushes when they rest.,https://en.wikipedia.org/wiki/Red-breasted_partridge,PASS,,
sp_bornean_partridge,8,Their song is often a duet between two birds.,"https://en.wikipedia.org/wiki/Red-breasted_partridge
https://ebird.org/species/rebpar5?siteLanguage=en_MY",PASS,,
sp_bornean_partridge,9,"During the duet, one bird gives rising notes while the other answers with falling notes.",https://en.wikipedia.org/wiki/Red-breasted_partridge,PASS,,
sp_bornean_partridge,10,They are often easier to hear than to see because they forage in dense forest undergrowth.,"https://en.wikipedia.org/wiki/Red-breasted_partridge
https://ebird.org/species/rebpar5?siteLanguage=en_MY",PASS,,
sp_binturong,1,"The Binturong is also called the “bearcat,” even though it is neither a bear nor a cat.","https://nationalzoo.si.edu/animals/binturong
https://www.nationalgeographic.com/animals/mammals/facts/binturong",PASS,,
sp_binturong,2,Binturongs can live about 16–18 years in the wild and may reach around 25 years in human care.,"https://nationalzoo.si.edu/animals/binturong
https://www.nationalgeographic.com/animals/mammals/facts/binturong",PASS,,
sp_binturong,3,Its prehensile tail is almost as long as its body and can grip branches like a fifth limb.,"https://nationalzoo.si.edu/animals/binturong
https://www.nationalgeographic.com/animals/mammals/facts/binturong",PASS,,
sp_binturong,4,The Binturong is one of only two carnivorous mammals with a prehensile tail.,"https://nationalzoo.si.edu/animals/binturong
https://www.nationalgeographic.com/animals/mammals/facts/binturong",PASS,,
sp_binturong,5,Binturongs smell like buttered popcorn because their scent contains the same aroma compound found in popcorn.,https://nationalzoo.si.edu/animals/binturong,PASS,,
sp_binturong,6,"They use their popcorn-like scent to mark their presence, communicate with other binturongs and help attract mates.","https://nationalzoo.si.edu/animals/binturong
https://www.nationalgeographic.com/animals/mammals/facts/binturong",PASS,,
sp_binturong,7,Binturongs can rotate their hind feet about 180° so they can climb down tree trunks head-first while keeping a strong grip.,https://www.nationalgeographic.com/animals/mammals/facts/binturong,PASS,,
sp_binturong,8,"They usually do not leap from tree to tree, so they may need to climb down to the ground before moving to another tree.",https://www.nationalgeographic.com/animals/mammals/facts/binturong,PASS,,
sp_binturong,9,"Female Binturongs can delay implantation, meaning a fertilised egg can wait before attaching to the uterus until conditions are more favourable.","https://nationalzoo.si.edu/animals/binturong
https://www.nationalgeographic.com/animals/mammals/facts/binturong",PASS,,
sp_binturong,10,"Baby Binturongs are called “binlets,” and they are born with their eyes closed.",https://nationalzoo.si.edu/animals/binturong,PASS,,
sp_small_toothed_palm_civet,1,The Small-toothed Palm Civet is also called the Three-striped Palm Civet because it usually has three dark stripes or rows of spots running along its back.,https://www.ecologyasia.com/verts/mammals/small-toothed-palm-civet.htm,PASS,,
sp_small_toothed_palm_civet,2,"It is almost completely arboreal, meaning it spends most of its life in trees and is rarely seen on the ground.","https://animaldiversity.org/accounts/Arctogalidia_trivirgata/
https://www.ecologyasia.com/verts/mammals/small-toothed-palm-civet.htm",PASS,,
sp_small_toothed_palm_civet,3,"Its tail can be longer than its head and body combined, and it is somewhat prehensile, helping the civet grip while climbing.",https://www.ecologyasia.com/verts/mammals/small-toothed-palm-civet.htm,PASS,,
sp_small_toothed_palm_civet,4,Fleshy pads underneath its feet give it a strong grip on branches while climbing through trees.,https://www.ecologyasia.com/verts/mammals/small-toothed-palm-civet.htm,PASS,,
sp_small_toothed_palm_civet,5,Small-toothed Palm Civets are mainly active at night and may spend the daytime resting on branches high in the canopy.,https://animaldiversity.org/accounts/Arctogalidia_trivirgata/,PASS,,
sp_small_toothed_palm_civet,6,"They are usually solitary, but several individuals have sometimes been seen feeding together in the same fruiting fig tree.",https://animaldiversity.org/accounts/Arctogalidia_trivirgata/,PASS,,
sp_small_toothed_palm_civet,7,"Their unusual small, widely spaced teeth are poorly suited for slicing meat, which is one reason fruit is thought to be especially important in their diet.",https://animaldiversity.org/accounts/Arctogalidia_trivirgata/,PASS,,
sp_small_toothed_palm_civet,8,"Females can breed throughout the year and may produce two litters in a year, usually with two or three young each time.",https://animaldiversity.org/accounts/Arctogalidia_trivirgata/,PASS,,
sp_small_toothed_palm_civet,9,"Pregnancy lasts only about 45 days, and the young are weaned at around 61 days old.",https://animaldiversity.org/accounts/Arctogalidia_trivirgata/,PASS,,
sp_small_toothed_palm_civet,10,"Small-toothed Palm Civets can live around 10–12 years in the wild, and reticulated pythons are among their recorded predators.",https://animaldiversity.org/accounts/Arctogalidia_trivirgata/,PASS,,
sp_great_argus,1,"Male Great Argus birds are among the largest pheasants and can reach around 1.6–2 metres in total length, mostly because of their extremely long tail feathers.",https://en.wikipedia.org/wiki/Great_argus,PASS,,
sp_great_argus,2,Young males do not develop their full adult plumage until about their third year.,https://en.wikipedia.org/wiki/Great_argus,PASS,,
sp_great_argus,3,A male clears an open patch on the forest floor to create his own dancing ground before displaying to females.,https://en.wikipedia.org/wiki/Great_argus,PASS,,
sp_great_argus,4,"Before dancing, the male gives loud calls to advertise his presence and attract females.",https://en.wikipedia.org/wiki/Great_argus,PASS,,
sp_great_argus,5,"During courtship, he spreads his enormous wing feathers into two huge fans covered with hundreds of eye-like markings.",https://en.wikipedia.org/wiki/Great_argus,PASS,,
sp_great_argus,6,"During the display, the male bows his head so low that it can become hidden behind the fan of feathers.",https://en.wikipedia.org/wiki/Great_argus,PASS,,
sp_great_argus,7,Female Great Argus birds are much smaller than males and have shorter tails and fewer eye-spots.,https://en.wikipedia.org/wiki/Great_argus,PASS,,
sp_great_argus,8,Great Argus birds usually search for food on the forest floor in the early morning and evening.,https://en.wikipedia.org/wiki/Great_argus,PASS,,
sp_great_argus,9,"A female usually lays only two eggs, which is a very small clutch compared with many other ground birds.",https://en.wikipedia.org/wiki/Great_argus,PASS,,
sp_great_argus,10,"Although their spectacular display once led people to think they were polygamous, published accounts cited for the species describe Great Argus as monogamous.",https://en.wikipedia.org/wiki/Great_argus,PASS,,
sp_asiatic_brush_tailed_porcupine,1,Asiatic Brush-tailed Porcupines are nocturnal and usually search for food at night.,"https://animaldiversity.org/accounts/Atherurus_macrourus/
https://www.ecologyasia.com/verts/mammals/asiatic-brush-tailed-porcupine.htm",PASS,,
sp_asiatic_brush_tailed_porcupine,2,"On full-moon nights, they may limit their activity to dawn and dusk, which researchers linked to avoiding predators.","https://en.wikipedia.org/wiki/Asiatic_brush-tailed_porcupine
https://www.thainationalparks.com/species/asiatic-brush-tailed-porcupine",PASS,,
sp_asiatic_brush_tailed_porcupine,3,The end of the tail has a brush-like cluster of unusual flattened quills that look a little like strings of beads.,https://www.ecologyasia.com/verts/mammals/asiatic-brush-tailed-porcupine.htm,PASS,,
sp_asiatic_brush_tailed_porcupine,4,"They are surprisingly agile and can run, climb and swim well.",https://animaldiversity.org/accounts/Atherurus_macrourus/,PASS,,
sp_asiatic_brush_tailed_porcupine,5,They may travel as far as about 15 kilometres in a single night while searching for food.,https://animaldiversity.org/accounts/Atherurus_macrourus/,PASS,,
sp_asiatic_brush_tailed_porcupine,6,"Family groups can contain around four to eight porcupines that share trails, feeding places, shelters and territory.",https://animaldiversity.org/accounts/Atherurus_macrourus/,PASS,,
sp_asiatic_brush_tailed_porcupine,7,"Although they shelter together during the day, they usually go out to forage alone at night.",https://animaldiversity.org/accounts/Atherurus_macrourus/,PASS,,
sp_asiatic_brush_tailed_porcupine,8,"Their rock dens can be surprisingly complex, with several entrances connected to tunnels about 3.5 metres long.",https://animaldiversity.org/accounts/Atherurus_macrourus/,PASS,,
sp_asiatic_brush_tailed_porcupine,9,"Females usually have one or two young per litter, and both parents help guard and care for them.",https://animaldiversity.org/accounts/Atherurus_macrourus/,PASS,,
sp_asiatic_brush_tailed_porcupine,10,Newborns are unusually well developed: they can be active and agile within hours of birth and open their eyes very soon after being born.,https://www.inaturalist.org/taxa/74111-Bos-gaurus,PASS,,
sp_gaur,1,The gaur is the largest living species of wild cattle.,https://en.wikipedia.org/wiki/Gaur,PASS,,
sp_gaur,2,Both male and female gaurs have horns that curve upward from the sides of the head.,https://www.worldlandtrust.org/species/gaur/,PASS,,
sp_gaur,3,Gaur herds are usually led by an older adult female called the matriarch.,https://en.wikipedia.org/wiki/Gaur,PASS,,
sp_gaur,4,"At some times of year, gaur live in small herds of about 8–11 animals, but several herds can sometimes join into groups of 50 or more.","https://en.wikipedia.org/wiki/Gaur
https://www.worldlandtrust.org/species/gaur/",PASS,,
sp_gaur,5,Adult males may leave female herds and live alone or form all-male bachelor groups.,"https://en.wikipedia.org/wiki/Gaur
https://www.worldlandtrust.org/species/gaur/",PASS,,
sp_gaur,6,"During the breeding season, a male gaur’s loud bellow can be heard from more than 1.6 kilometres away.",https://www.worldlandtrust.org/species/gaur/,PASS,,
sp_gaur,7,Gaurs also use a high whistling snort as an alarm call when they sense danger.,https://en.wikipedia.org/wiki/Gaur,PASS,,
sp_gaur,8,"Despite their enormous size, gaurs can move through the forest surprisingly quickly when alarmed.",https://en.wikipedia.org/wiki/Gaur,PASS,,
sp_gaur,9,Female gaurs usually give birth to one calf after a pregnancy of about 275 days.,"https://en.wikipedia.org/wiki/Gaur
https://www.worldlandtrust.org/species/gaur/",PASS,,
sp_gaur,10,Gaur calves may stay with their mothers for 7–12 months before they are fully weaned.,https://en.wikipedia.org/wiki/Gaur,PASS,,
sp_banteng,1,Banteng are wild cattle that are also known as tembadau.,https://www.edinburghzoo.org.uk/animals/animal-inhabitants/banteng,PASS,,
sp_banteng,2,Banteng live socially in herds that can contain up to about 40 animals.,"https://www.edinburghzoo.org.uk/animals/animal-inhabitants/banteng
https://stlzoo.org/animals/mammals/hoofed-mammals/banteng",PASS,,
sp_banteng,3,A typical family group has one adult male together with several females.,https://stlzoo.org/animals/mammals/hoofed-mammals/banteng,PASS,,
sp_banteng,4,Both male and female banteng calves are born with reddish coats.,https://stlzoo.org/animals/mammals/hoofed-mammals/banteng,PASS,,
sp_banteng,5,"During their first year, young banteng develop their white “stockings” and pale rump patches.",https://stlzoo.org/animals/mammals/hoofed-mammals/banteng,PASS,,
sp_banteng,6,"As male banteng grow up, their coats gradually darken from reddish brown to black, while adult females remain chestnut-coloured.",https://stlzoo.org/animals/mammals/hoofed-mammals/banteng,PASS,,
sp_banteng,7,"Banteng are generally described as shy, tolerant and less territorial than many other wild cattle.",https://stlzoo.org/animals/mammals/hoofed-mammals/banteng,PASS,,
sp_banteng,8,"Banteng can be active both during the day and at night, and may become more nocturnal in places with more human activity.",https://en.wikipedia.org/wiki/Banteng,PASS,,
sp_banteng,9,"The banteng became the first endangered species to be successfully cloned, in 2004.","https://stlzoo.org/animals/mammals/hoofed-mammals/banteng
https://www.edinburghzoo.org.uk/animals/animal-inhabitants/banteng",PASS,,
sp_banteng,10,"Banteng have also reproduced successfully through artificial insemination and embryo transfer, techniques that may help conservation breeding.",https://stlzoo.org/animals/mammals/hoofed-mammals/banteng,PASS,,
sp_barred_eagle_owl,1,"Barred Eagle-Owls have two long ear tufts that stick out sideways, giving them a distinctive horned appearance.","https://ebird.org/species/baeowl1?siteLanguage=en_MY
https://en.wikipedia.org/wiki/Barred_eagle-owl",PASS,,
sp_barred_eagle_owl,2,"Adults have extremely dark, almost black-looking eyes, while young birds are much paler and can appear almost milky white.",https://ebird.org/species/baeowl1?siteLanguage=en_MY,PASS,,
sp_barred_eagle_owl,3,"Their territorial call is a deep resonant hoot, and they can also make screams, howls and noisy cackling sounds.","https://ebird.org/species/baeowl1?siteLanguage=en_MY
https://en.wikipedia.org/wiki/Barred_eagle-owl",PASS,,
sp_barred_eagle_owl,4,"When they give a double territorial hoot, the two hoots can be separated by about two seconds.",https://en.wikipedia.org/wiki/Barred_eagle-owl,PASS,,
sp_barred_eagle_owl,5,Barred Eagle-Owls are thought to form long-lasting pairs and may stay in the same territory for several years.,https://en.wikipedia.org/wiki/Barred_eagle-owl,PASS,,
sp_barred_eagle_owl,6,"They can nest inside large tree cavities, but some have also nested on top of large bird’s-nest ferns.",https://en.wikipedia.org/wiki/Barred_eagle-owl,PASS,,
sp_barred_eagle_owl,7,A female normally lays only one egg at a time.,https://en.wikipedia.org/wiki/Barred_eagle-owl,PASS,,
sp_barred_eagle_owl,8,Barred Eagle-Owls have powerful feet and large curved talons that allow them to catch surprisingly large prey.,https://en.wikipedia.org/wiki/Barred_eagle-owl,PASS,,
sp_barred_eagle_owl,9,"Their prey can include insects, birds, rodents, snakes and other small animals.",https://en.wikipedia.org/wiki/Barred_eagle-owl,PASS,,
sp_barred_eagle_owl,10,"Young Barred Eagle-Owls look very different from adults: juveniles are much paler, often appearing milky white with faint grey barring. ",https://ebird.org/species/baeowl1?siteLanguage=en_MY,PASS,,
sp_green_backed_heron,1,"Green-backed Herons are clever hunters that can use bait, such as insects, feathers or leaves, to attract fish to the water’s surface.","https://natureseychelles.org/seychelles-wildlife/native-birds/green-backed-heron/
https://en.wikipedia.org/wiki/Green_heron",PASS,,
sp_green_backed_heron,2,They can stay very still at the water’s edge and wait patiently before striking at prey.,"https://natureseychelles.org/seychelles-wildlife/native-birds/green-backed-heron/
https://en.wikipedia.org/wiki/Green_heron",PASS,,
sp_green_backed_heron,3,"Because their legs are fairly short for a heron, they often crouch on rocks or at the water’s edge instead of wading deeply.",https://natureseychelles.org/seychelles-wildlife/native-birds/green-backed-heron/,PASS,,
sp_green_backed_heron,4,"Their warning call is a loud, harsh double croak, so they may be heard before they are seen.",https://natureseychelles.org/seychelles-wildlife/native-birds/green-backed-heron/,PASS,,
sp_green_backed_heron,5,Green-backed Herons are usually solitary and are commonly seen hunting by themselves.,https://ebird.org/species/grnher,PASS,,
sp_green_backed_heron,6,They can be territorial and may patrol their own stretch of shoreline or mangrove.,https://natureseychelles.org/seychelles-wildlife/native-birds/green-backed-heron/,PASS,,
sp_green_backed_heron,7,Their nests are shallow platforms made from sticks and are usually hidden among trees or bushes.,"https://natureseychelles.org/seychelles-wildlife/native-birds/green-backed-heron/
https://en.wikipedia.org/wiki/Green_heron",PASS,,
sp_green_backed_heron,8,A female typically lays about 2–5 pale blue or green eggs.,"https://natureseychelles.org/seychelles-wildlife/native-birds/green-backed-heron/
https://en.wikipedia.org/wiki/Green_heron",PASS,,
sp_green_backed_heron,9,Young Green-backed Herons look different from adults: juveniles are browner and have much more streaking on their bodies.,https://natureseychelles.org/seychelles-wildlife/native-birds/green-backed-heron/,PASS,,
sp_green_backed_heron,10,"When threatened, young birds may stretch their necks upward and point their bills toward the sky.",https://en.wikipedia.org/wiki/Green_heron,PASS,,
sp_grey_bellied_squirrel,1,"Its body can grow up to about 24 cm long, and its tail can reach about 24.5 cm — almost the same length as its body.",https://www.ecologyasia.com/verts/mammals/northern-grey-bellied-squirrel.htm,PASS,,
sp_grey_bellied_squirrel,2,The tip of its tail is black in all known populations.,https://www.ecologyasia.com/verts/mammals/northern-grey-bellied-squirrel.htm,PASS,,
sp_grey_bellied_squirrel,3,"Its belly is usually grey, although reddish colouring can sometimes appear along its sides.",https://en.wikipedia.org/wiki/Grey-bellied_squirrel,PASS,,
sp_grey_bellied_squirrel,4,"Its upper fur can appear grey, yellowish-olive or reddish depending on the season and population.",https://en.wikipedia.org/wiki/Grey-bellied_squirrel,PASS,,
sp_grey_bellied_squirrel,5,"In northern populations, its coat can turn bright orange or reddish during the dry season and become grey again during the wet season.",https://www.ecologyasia.com/verts/mammals/northern-grey-bellied-squirrel.htm,PASS,,
sp_grey_bellied_squirrel,6,It often comes down from the trees and spends time on the ground.,https://www.ecologyasia.com/verts/mammals/northern-grey-bellied-squirrel.htm,PASS,,
sp_grey_bellied_squirrel,7,It is generally not very shy and may come close to places where people live.,https://www.ecologyasia.com/verts/mammals/northern-grey-bellied-squirrel.htm,PASS,,
sp_grey_bellied_squirrel,8,"It eats a varied diet that includes fruits, seeds and tree bark, as well as some insects.",https://www.ecologyasia.com/verts/mammals/northern-grey-bellied-squirrel.htm,PASS,,
sp_grey_bellied_squirrel,9,"It can live in many different environments, including primary forests, secondary forests, bamboo areas, parks and gardens.",https://www.ecologyasia.com/verts/mammals/northern-grey-bellied-squirrel.htm,PASS,,
sp_grey_bellied_squirrel,10,"The Grey-bellied Squirrel has been introduced to the Ryukyu Islands of Japan, outside its native range.",https://en.wikipedia.org/wiki/Grey-bellied_squirrel,PASS,,
sp_plantain_squirrel,1,"The Plantain Squirrel has two cream-and-black stripes along its sides, an orange belly, and no pale spot behind its ears.",https://www.ecologyasia.com/verts/mammals/plantain_squirrel.htm,PASS,,
sp_plantain_squirrel,2,"It is very quick and agile in trees and can jump a few metres from one tree to another, while rarely spending much time on the ground.",https://en.wikipedia.org/wiki/Plantain_squirrel,PASS,,
sp_plantain_squirrel,3,"It communicates with shrill chattering and a chirping sound like “tswit,” often waving or flourishing its tail while calling.",https://animaldiversity.org/accounts/Callosciurus_notatus/,PASS,,
sp_plantain_squirrel,4,"Plantain Squirrels use different alarm responses for different predators: they may approach and mob a snake, but freeze and quickly take cover when a bird of prey appears.","https://en.wikipedia.org/wiki/Plantain_squirrel
https://animaldiversity.org/accounts/Callosciurus_notatus/",PASS,,
sp_plantain_squirrel,5,It can break open twigs to reach and eat ant larvae hidden inside.,https://en.wikipedia.org/wiki/Plantain_squirrel,PASS,,
sp_plantain_squirrel,6,"It can eat fruits much larger than itself, including mangoes, jackfruit and coconuts.",https://en.wikipedia.org/wiki/Plantain_squirrel,PASS,,
sp_plantain_squirrel,7,"It sometimes gnaws the bark of trees, including rubber trees, to obtain sap or latex.",https://animaldiversity.org/accounts/Callosciurus_notatus/,PASS,,
sp_plantain_squirrel,8,"Its nest is shaped like a ball and is made from twigs and leaves, lined with fur, with a round entrance hole. These nests can be built around 5 metres or more above the ground.",https://www.ecologyasia.com/verts/mammals/plantain_squirrel.htm,PASS,,
sp_plantain_squirrel,9,"After about 40 days of pregnancy, a female usually gives birth to 1–4 babies, which are born blind and without hair.","https://en.wikipedia.org/wiki/Plantain_squirrel
https://animaldiversity.org/accounts/Callosciurus_notatus/",PASS,,
sp_plantain_squirrel,10,Young Plantain Squirrels usually leave their nest when they are about six weeks old.,https://en.wikipedia.org/wiki/Plantain_squirrel,PASS,,
sp_crab_eating_mongoose,1,It has a distinctive pale or white stripe that runs from below its ear or cheek towards its neck and shoulder.,"https://www.ecologyasia.com/verts/mammals/crab-eating-mongoose.htm
https://www.thainationalparks.com/species/crab-eating-mongoose",PASS,,
sp_crab_eating_mongoose,2,Its fur has a grizzled appearance because individual hairs are banded with dark and pale brown colours.,https://www.ecologyasia.com/verts/mammals/crab-eating-mongoose.htm,PASS,,
sp_crab_eating_mongoose,3,"When threatened, it can spray a strong-smelling fluid from glands near the base of its tail as a defence.",https://www.ecologyasia.com/verts/mammals/crab-eating-mongoose.htm,PASS,,
sp_crab_eating_mongoose,4,"It has well-developed senses of smell and hearing, which help it detect what is happening around it.",https://www.ecologyasia.com/verts/mammals/crab-eating-mongoose.htm,PASS,,
sp_crab_eating_mongoose,5,It is an excellent swimmer and often searches for prey along streams and close to water.,https://www.ecologyasia.com/verts/mammals/crab-eating-mongoose.htm,PASS,,
sp_crab_eating_mongoose,6,"Despite its name, it does not eat only crabs—it also catches fish, snails, frogs, rodents, birds, reptiles and insects.",https://www.thainationalparks.com/species/crab-eating-mongoose,PASS,,
sp_crab_eating_mongoose,7,Crab-eating Mongooses are often active during the morning and evening and have been observed travelling in groups of up to four.,https://www.thainationalparks.com/species/crab-eating-mongoose,PASS,,
sp_crab_eating_mongoose,8,"One was observed digging into the nest of an Impressed Tortoise, probably searching for eggs to eat.",https://www.ecologyasia.com/verts/mammals/crab-eating-mongoose.htm,PASS,,
sp_crab_eating_mongoose,9,"Compared with its body, it has a relatively short, bushy tail, along with a small head, hunched back and short, thin legs.",https://www.ecologyasia.com/verts/mammals/crab-eating-mongoose.htm,PASS,,
sp_crab_eating_mongoose,10,"The soles of its hind feet are hairy, and its tail can have a paler tip.",https://www.thainationalparks.com/species/crab-eating-mongoose,PASS,,
sp_long_tailed_sibia,1,The Long-tailed Sibia has an exceptionally long tail and looks small-headed and slender compared with many other sibias.,https://ebird.org/species/lotsib1,PASS,,
sp_long_tailed_sibia,2,"Its body is mostly grey, while its wings and tail are noticeably darker.",https://ebird.org/species/lotsib1,PASS,,
sp_long_tailed_sibia,3,It has a small but noticeable white patch near the tip of its wing.,https://ebird.org/species/lotsib1,PASS,,
sp_long_tailed_sibia,4,Long-tailed Sibias often search for food together in flocks rather than feeding alone.,https://ebird.org/species/lotsib1,PASS,,
sp_long_tailed_sibia,5,"They are often heard before they are seen because they make a loud, chittering rattle.",https://ebird.org/species/lotsib1,PASS,,
sp_long_tailed_sibia,6,"They can live in several types of woodland, including evergreen, oak and pine forests.",https://en.wikipedia.org/wiki/Long-tailed_sibia,PASS,,
sp_long_tailed_sibia,7,"They also use disturbed areas such as secondary growth, forest edges and scrub where large trees remain.","https://ebird.org/species/lotsib1
https://en.wikipedia.org/wiki/Long-tailed_sibia",PASS,,
sp_long_tailed_sibia,8,"The species has a very wide range, stretching from the Himalayas through Southeast Asia all the way to Sumatra.",https://en.wikipedia.org/wiki/Long-tailed_sibia,PASS,,
sp_long_tailed_sibia,9,Malaysia has its own recognised subspecies of Long-tailed Sibia called Heterophasia picaoides wrayi.,https://www.inaturalist.org/taxa/15106-Heterophasia-picaoides,PASS,,
sp_long_tailed_sibia,10,"Long-tailed Sibias are especially associated with open hill forests, where they move through forest edges and nearby scrub in groups.",https://ebird.org/species/lotsib1,PASS,,
sp_blue_headed_pitta,1,The Blue-headed Pitta is about 17 cm long.,"https://animalia.bio/blue-headed-pitta?taxonomy=1732#google_vignette
https://en.wikipedia.org/wiki/Blue-headed_pitta",PASS,,
sp_blue_headed_pitta,2,"The male has a striking electric-blue crown, white throat, chestnut-brown back and dark blue or violet-blue underparts.","https://animalia.bio/blue-headed-pitta?taxonomy=1732#google_vignette
https://ebird.org/species/blhpit1",PASS,,
sp_blue_headed_pitta,3,"Females are much less colourful than males, with a warm cinnamon or buff-coloured head and brownish body.","https://animalia.bio/blue-headed-pitta?taxonomy=1732#google_vignette
https://ebird.org/species/blhpit1",PASS,,
sp_blue_headed_pitta,4,Both males and females have dark wings marked with a noticeable white streak.,https://ebird.org/species/blhpit1,PASS,,
sp_blue_headed_pitta,5,Its song is a mellow call that sounds roughly like “puh-yih-wooooo.”,https://ebird.org/species/blhpit1,PASS,,
sp_blue_headed_pitta,6,"The Blue-headed Pitta is found only on the island of Borneo, including Sabah and Sarawak in Malaysia, Brunei and Kalimantan in Indonesia.","https://animalia.bio/blue-headed-pitta?taxonomy=1732#google_vignette
https://en.wikipedia.org/wiki/Blue-headed_pitta",PASS,,
sp_blue_headed_pitta,7,"It is most common in primary tropical lowland forest, although it can also live in logged or secondary forest.","https://animalia.bio/blue-headed-pitta?taxonomy=1732#google_vignette
https://ebird.org/species/blhpit1",PASS,,
sp_blue_headed_pitta,8,It usually lives below about 600 metres above sea level.,"https://animalia.bio/blue-headed-pitta?taxonomy=1732#google_vignette
https://en.wikipedia.org/wiki/Blue-headed_pitta",PASS,,
sp_blue_headed_pitta,9,"Its nest is a round dome made from leaves, with an entrance on the side, and is built on or very close to the ground.","https://animalia.bio/blue-headed-pitta?taxonomy=1732#google_vignette
https://en.wikipedia.org/wiki/Blue-headed_pitta",PASS,,
sp_blue_headed_pitta,10,"Blue-headed Pittas appear to breed seasonally: breeding birds have been recorded from March to June, while young birds have been found in nests between May and October.","https://animalia.bio/blue-headed-pitta?taxonomy=1732#google_vignette
https://en.wikipedia.org/wiki/Blue-headed_pitta",PASS,,
sp_malay_banded_pitta,1,"The male is extremely colourful, with a black head, yellow-orange stripe above the eye, orange-red nape, yellow throat, blue belly and blue tail.","https://animalia.bio/bornean-banded-pitta
https://en.wikipedia.org/wiki/Malayan_banded_pitta",PASS,,
sp_malay_banded_pitta,2,"Its chest has bands of orange and dark blue, with more orange towards the sides and more blue towards the centre.","https://animalia.bio/bornean-banded-pitta
https://en.wikipedia.org/wiki/Malayan_banded_pitta",PASS,,
sp_malay_banded_pitta,3,"Malayan Banded Pittas spend much of their time on the ground in dense forest, quietly searching the forest floor for food.","https://ebird.org/species/banpit3
https://birdsoftheworld.org/bow/species/banpit3/cur/introduction",PASS,,
sp_malay_banded_pitta,4,"Their most common calls include a quiet, low sound and a short descending “pr-r-r-r-r” call.",https://ebird.org/species/banpit3,PASS,,
sp_malay_banded_pitta,5,They mainly eat insects and fruits.,"https://animalia.bio/bornean-banded-pitta
https://en.wikipedia.org/wiki/Bornean_banded_pitta",PASS,,
sp_malay_banded_pitta,6,"They are found naturally in Malaysia, southern Thailand and Sumatra.","https://animalia.bio/bornean-banded-pitta
https://besgroup.org/2023/04/29/malayan-banded-pitta/",PASS,,
sp_malay_banded_pitta,7,They usually live in primary lowland evergreen forests and can also occur in swamp forests.,"https://animalia.bio/bornean-banded-pitta
https://en.wikipedia.org/wiki/Malayan_banded_pitta",PASS,,
sp_malay_banded_pitta,8,"Although mainly a lowland forest bird, the Malayan Banded Pitta has been recorded at elevations of up to about 1,500 metres.","https://animalia.bio/bornean-banded-pitta
https://en.wikipedia.org/wiki/Malayan_banded_pitta",PASS,,
sp_malay_banded_pitta,9,"It can also live in secondary forest, but may not survive as well there as it does in primary forest.","https://animalia.bio/bornean-banded-pitta
https://en.wikipedia.org/wiki/Malayan_banded_pitta",PASS,,
sp_malay_banded_pitta,10,"The Malayan, Bornean and Javan banded pittas were once treated as one species, but they were separated after scientists found differences in their appearance, behaviour and calls.",https://en.wikipedia.org/wiki/Malayan_banded_pitta,PASS,,
sp_bornean_banded_pitta,1,"The Bornean Banded Pitta is found only on the island of Borneo, including parts of Malaysia, Brunei and Indonesia.","https://en.wikipedia.org/wiki/Bornean_banded_pitta
https://animalia.bio/bornean-banded-pitta#google_vignette",PASS,,
sp_bornean_banded_pitta,2,"It has a broad, bright yellow stripe above its eyes and a bold black mask across its face.",https://ebird.org/species/banpit4,PASS,,
sp_bornean_banded_pitta,3,"Its back is coffee-brown, while its underparts are covered with many fine dark bands.",https://ebird.org/species/banpit4,PASS,,
sp_bornean_banded_pitta,4,"Male Bornean Banded Pittas have a black crown, yellow throat and a striking indigo-blue patch on the belly.",https://ebird.org/species/banpit4,PASS,,
sp_bornean_banded_pitta,5,"Females are duller than males: they have a pale brown crown, whitish throat and no indigo-blue belly patch.",https://ebird.org/species/banpit4,PASS,,
sp_bornean_banded_pitta,6,Its song is a series of powerful but mellow calls that sound roughly like “byow!” with pauses between each note.,https://ebird.org/species/banpit4,PASS,,
sp_bornean_banded_pitta,7,It lives in both lowland and hill dipterocarp forests.,https://ebird.org/species/banpit4,PASS,,
sp_bornean_banded_pitta,8,"Within forests, it appears to favour dry ridges, hilltops and areas with limestone.",https://ebird.org/species/banpit4,PASS,,
sp_bornean_banded_pitta,9,"The Bornean Banded Pitta is a resident bird, meaning it does not normally migrate seasonally away from Borneo.",https://animalia.bio/bornean-banded-pitta#google_vignette,PASS,,
sp_bornean_banded_pitta,10,"It was once considered the same species as the Malayan and Javan Banded Pittas, but today all three are recognised as separate species.","https://en.wikipedia.org/wiki/Bornean_banded_pitta
https://animalia.bio/bornean-banded-pitta#google_vignette",PASS,,
sp_dusky_leaf_monkey,1,"Dusky Leaf Monkeys have thick white rings around their eyes, making them look as if they are wearing spectacles. They also have a pale, hairless area around the mouth.",https://www.ecologyasia.com/verts/mammals/dusky-langur.htm,PASS,,
sp_dusky_leaf_monkey,2,"Baby Dusky Leaf Monkeys are born with bright yellow or orange fur, which gradually changes to the darker colour of adults as they grow.","https://www.ecologyasia.com/verts/mammals/dusky-langur.htm
https://animalia.bio/dusky-leaf-monkey?property=36#google_vignette
https://en.wikipedia.org/wiki/Dusky_leaf_monkey",PASS,,
sp_dusky_leaf_monkey,3,"An adult's fur can appear greyish-brown, dark grey or almost black, while the fur on its crown, legs and tail is usually lighter.",https://www.ecologyasia.com/verts/mammals/dusky-langur.htm,PASS,,
sp_dusky_leaf_monkey,4,"Its tail can be 70–80 cm long, which can be longer than its 50–70 cm head-and-body length.",https://www.ecologyasia.com/verts/mammals/dusky-langur.htm,PASS,,
sp_dusky_leaf_monkey,5,Dusky Leaf Monkeys can live in troops of up to about 20 individuals.,"https://www.ecologyasia.com/verts/mammals/dusky-langur.htm
https://animalia.bio/dusky-leaf-monkey?property=36#google_vignette",PASS,,
sp_dusky_leaf_monkey,6,Adult males help watch for possible predators and patrol the group's home range.,https://animalia.bio/dusky-leaf-monkey?property=36#google_vignette,PASS,,
sp_dusky_leaf_monkey,7,"They are especially active in the early morning and late afternoon, while around midday they may rest in the shade of trees.",https://www.ecologyasia.com/verts/mammals/dusky-langur.htm,PASS,,
sp_dusky_leaf_monkey,8,"They spend most of their time in trees, but adults sometimes come down to the ground at forest edges to feed on low-growing shrubs.",https://www.ecologyasia.com/verts/mammals/dusky-langur.htm,PASS,,
sp_dusky_leaf_monkey,9,"They communicate using several types of sounds, including snorts, hoots, murmurs and squeaks.",https://animalia.bio/dusky-leaf-monkey?property=36#google_vignette,PASS,,
sp_dusky_leaf_monkey,10,"They have a four-chambered stomach that helps them break down the tough cellulose found in leaves, somewhat like the digestive system of a cow or antelope.",https://animalia.bio/dusky-leaf-monkey?property=36#google_vignette,PASS,,
sp_greater_oriental_chevrotain,1,"Its legs are extremely thin, described as being about as thin as pencils and its hind legs are longer than its front legs.",https://animalia.bio/greater-mouse-deer#google_vignette,PASS,,
sp_greater_oriental_chevrotain,2,"Male Greater Mouse-deer do not have horns or antlers. Instead, they have elongated upper canine teeth that look like small tusks.",https://animalia.bio/greater-mouse-deer#google_vignette,PASS,,
sp_greater_oriental_chevrotain,3,"They are mainly nocturnal, meaning they are most active at night.","https://animalia.bio/greater-mouse-deer#google_vignette
https://en.wikipedia.org/wiki/Greater_mouse-deer",PASS,,
sp_greater_oriental_chevrotain,4,They usually live alone and travel along small trails through thick forest vegetation.,"https://animalia.bio/greater-mouse-deer#google_vignette
https://en.wikipedia.org/wiki/Greater_mouse-deer",PASS,,
sp_greater_oriental_chevrotain,5,"Male Greater Mouse-deer are territorial and mark their territory using urine, droppings and scent from a gland underneath the chin.","https://animalia.bio/greater-mouse-deer#google_vignette
https://en.wikipedia.org/wiki/Greater_mouse-deer",PASS,,
sp_greater_oriental_chevrotain,6,"When an adult male becomes angry, it can stamp its hooves on the ground about four times every second.","https://animalia.bio/greater-mouse-deer#google_vignette
https://en.wikipedia.org/wiki/Greater_mouse-deer",PASS,,
sp_greater_oriental_chevrotain,7,"They eat many kinds of plants, including fallen fruit, aquatic plants, buds, leaves, shrubs and grasses.","https://animalia.bio/greater-mouse-deer#google_vignette
https://en.wikipedia.org/wiki/Greater_mouse-deer",PASS,,
sp_greater_oriental_chevrotain,8,"They often live near water and can be found in tropical forests, wet swampy areas and mangrove thickets.",https://animalia.bio/greater-mouse-deer#google_vignette,PASS,,
sp_greater_oriental_chevrotain,9,A female usually gives birth to just one young after a pregnancy lasting about 152–155 days.,"https://animalia.bio/greater-mouse-deer#google_vignette
https://en.wikipedia.org/wiki/Greater_mouse-deer",PASS,,
sp_greater_oriental_chevrotain,10,Newborn Greater Mouse-deer can stand almost immediately after birth and can become fully active within about 30 minutes.,"https://animalia.bio/greater-mouse-deer#google_vignette
https://en.wikipedia.org/wiki/Greater_mouse-deer",PASS,,
sp_long_tailed_porcupine,1,"Its flattened quills usually lie flat against its body, making it look more like a large spiny rat than many other porcupines.",https://www.ecologyasia.com/verts/mammals/long-tailed-porcupine.htm,PASS,,
sp_long_tailed_porcupine,2,"Its quills are less than 5 cm long, making them the shortest quills among Old World porcupines.","https://animaldiversity.org/accounts/Trichys_fasciculata/
https://en.wikipedia.org/wiki/Long-tailed_porcupine",PASS,,
sp_long_tailed_porcupine,3,"The brush-like hollow quills near the tip of its tail do not make a rattling sound when shaken, unlike those of some other porcupines.","https://animaldiversity.org/accounts/Trichys_fasciculata/
https://en.wikipedia.org/wiki/Long-tailed_porcupine",PASS,,
sp_long_tailed_porcupine,4,"Its long tail can break off if it is grabbed, which may help it escape a predator, but the lost tail does not grow back.","https://animaldiversity.org/accounts/Trichys_fasciculata/
https://en.wikipedia.org/wiki/Long-tailed_porcupine",PASS,,
sp_long_tailed_porcupine,5,"It is nocturnal, spending most of the day resting in underground shelters and becoming active at night.","https://animaldiversity.org/accounts/Trichys_fasciculata/
https://www.ecologyasia.com/verts/mammals/long-tailed-porcupine.htm",PASS,,
sp_long_tailed_porcupine,6,"Although it spends most of its time on the ground, it is a surprisingly good climber and can climb trees and shrubs while searching for food.",https://animaldiversity.org/accounts/Trichys_fasciculata/,PASS,,
sp_long_tailed_porcupine,7,"Its broad paws have four toes on the front feet and five toes on the back feet, helping it climb effectively.",https://animaldiversity.org/accounts/Trichys_fasciculata/,PASS,,
sp_long_tailed_porcupine,8,"When frightened, it can fluff out its quills to look larger and pound its feet on the ground.",https://animaldiversity.org/accounts/Trichys_fasciculata/,PASS,,
sp_long_tailed_porcupine,9,"When running along the forest floor, it holds its long tail straight up.",https://animaldiversity.org/accounts/Trichys_fasciculata/,PASS,,
sp_long_tailed_porcupine,10,"It mainly eats plant material such as fruits, seeds, bamboo shoots and the soft layer beneath tree bark, but it may also eat insects and other small invertebrates.",https://animaldiversity.org/accounts/Trichys_fasciculata/,PASS,,
sp_chestnut_necklaced_partridge,1,The Chestnut-necklaced Partridge is about 26–32 cm long.,https://en.wikipedia.org/wiki/Chestnut-necklaced_partridge,PASS,,
sp_chestnut_necklaced_partridge,2,"It has a rusty or chestnut-coloured upper breast with a dark, speckled collar above it.","https://en.wikipedia.org/wiki/Chestnut-necklaced_partridge
https://ebird.org/species/chnpar1?siteLanguage=en_MY",PASS,,
sp_chestnut_necklaced_partridge,3,"Its throat is mostly white with fine dark speckles, while a pale orange patch can be seen near its ear.",https://ebird.org/species/chnpar1?siteLanguage=en_MY,PASS,,
sp_chestnut_necklaced_partridge,4,Its yellow legs help distinguish it from other similar partridges living in the same region.,https://ebird.org/species/chnpar1?siteLanguage=en_MY,PASS,,
sp_chestnut_necklaced_partridge,5,The female is slightly smaller and usually a little duller in colour than the male.,https://en.wikipedia.org/wiki/Chestnut-necklaced_partridge,PASS,,
sp_chestnut_necklaced_partridge,6,It is a shy bird that usually searches for food on the forest floor in small groups.,https://ebird.org/species/chnpar1?siteLanguage=en_MY,PASS,,
sp_chestnut_necklaced_partridge,7,"Its food includes seeds, berries and termites.",https://en.wikipedia.org/wiki/Chestnut-necklaced_partridge,PASS,,
sp_chestnut_necklaced_partridge,8,"Pairs often sing together in a duet, producing loud, trembling whistles.","https://en.wikipedia.org/wiki/Chestnut-necklaced_partridge
https://ebird.org/species/chnpar1?siteLanguage=en_MY",PASS,,
sp_chestnut_necklaced_partridge,9,It usually lives at lower elevations than other partridge species found in the same area.,https://ebird.org/species/chnpar1?siteLanguage=en_MY,PASS,,
sp_chestnut_necklaced_partridge,10,It lives mainly in lowland evergreen forest but can also occur in secondary forest.,https://en.wikipedia.org/wiki/Chestnut-necklaced_partridge,PASS,,
sp_white_crested_hornbill,1,"The White-crowned Hornbill has a large, bushy white crest that stands upright on top of its head.",https://ebird.org/species/whchor2,PASS,,
sp_white_crested_hornbill,2,"Males and females look very different: males are white from the head down to the belly, while females are mostly black and have a white crest.","https://ebird.org/species/whchor2
https://besgroup.org/2023/05/01/white-crowned-hornbill/",PASS,,
sp_white_crested_hornbill,3,"Its wings are mostly black, but pale or white edges become especially noticeable when the bird is flying.","https://ebird.org/species/whchor2
https://besgroup.org/2023/05/01/white-crowned-hornbill/",PASS,,
sp_white_crested_hornbill,4,"Unlike many hornbills, it often searches for food in the lower levels of the forest and may even come down to the ground.",https://ebird.org/species/whchor2,PASS,,
sp_white_crested_hornbill,5,White-crowned Hornbills are social birds and often search for food together in groups.,https://ebird.org/species/whchor2,PASS,,
sp_white_crested_hornbill,6,"Their calls include soft, owl-like hooting and cooing sounds.",https://ebird.org/species/whchor2,PASS,,
sp_white_crested_hornbill,7,"They eat many different foods, including fruits, lizards, arthropods and insect larvae.",https://en.wikipedia.org/wiki/White-crowned_hornbill,PASS,,
sp_white_crested_hornbill,8,"They occur naturally in the Malay Peninsula, Sumatra and Borneo.","https://besgroup.org/2023/05/01/white-crowned-hornbill/
https://en.wikipedia.org/wiki/White-crowned_hornbill",PASS,,
sp_white_crested_hornbill,9,"A nesting female seals herself inside a tree hole using materials such as mud, droppings and debris, leaving only a narrow opening.",https://en.wikipedia.org/wiki/White-crowned_hornbill,PASS,,
sp_white_crested_hornbill,10,"While the female is sealed inside the nest, the male and other members of the group pass food to her and the chicks through the narrow opening.",https://en.wikipedia.org/wiki/White-crowned_hornbill,PASS,,
sp_sunda_laughingthrush,1,"The Sunda Laughingthrush is a medium-sized bird, measuring about 24–25 cm long.","https://en.wikipedia.org/wiki/Sunda_laughingthrush
https://birdsoftheworld.org/bow/species/sunlau1/cur/introduction",PASS,,
sp_sunda_laughingthrush,2,"It has a slate-grey head and chest, chestnut-brown wings and tail, and a distinctive pale blue ring around its eyes.","https://birdsoftheworld.org/bow/species/sunlau1/cur/introduction
https://ebird.org/species/sunlau1",PASS,,
sp_sunda_laughingthrush,3,"Male and female Sunda Laughingthrushes look very similar, while young birds are generally duller in colour than adults.",https://birdsoftheworld.org/bow/species/sunlau1/cur/introduction,PASS,,
sp_sunda_laughingthrush,4,"When searching for food on the forest floor, it can pick up and flip over fallen leaves to uncover food hiding underneath.",https://ebird.org/species/sunlau1,PASS,,
sp_sunda_laughingthrush,5,"Its diet includes insects such as beetles, moths and caterpillars, as well as seeds and fruits.","https://en.wikipedia.org/wiki/Sunda_laughingthrush
https://birdsoftheworld.org/bow/species/sunlau1/cur/introduction",PASS,,
sp_sunda_laughingthrush,6,"Sunda Laughingthrushes are social birds and may travel in groups of up to about 12, sometimes joining other bird species while searching for food.",https://birdsoftheworld.org/bow/species/sunlau1/cur/introduction,PASS,,
sp_sunda_laughingthrush,7,They are very vocal and can make noisy whistles as well as unusual calls that sound like a cat mewing.,https://birdsoftheworld.org/bow/species/sunlau1/cur/introduction,PASS,,
sp_sunda_laughingthrush,8,There are two recognised subspecies: one occurs on Sumatra and the other occurs on Borneo.,https://en.wikipedia.org/wiki/Sunda_laughingthrush,PASS,,
sp_sunda_laughingthrush,9,"The Bornean subspecies has been recorded from about 300–2,010 metres above sea level, while the Sumatran subspecies mainly occurs from about 850–2,200 metres.","https://en.wikipedia.org/wiki/Sunda_laughingthrush
https://birdsoftheworld.org/bow/species/sunlau1/cur/introduction",PASS,,
sp_sunda_laughingthrush,10,Their breeding season differs between the islands: records indicate around March–April in Sumatra and December–March in Borneo.,https://birdsoftheworld.org/bow/species/sunlau1/cur/introduction,PASS,,
sp_orange_headed_thrush,1,"The Orange-headed Thrush is a small thrush, measuring about 20.5–23.5 cm long.",https://singaporebirds.com/species/orange-headed-thrush,PASS,,
sp_orange_headed_thrush,2,Adult males have a bright orange head and underparts that contrast strongly with their plain grey upperparts and wings.,"https://singaporebirds.com/species/orange-headed-thrush
https://en.wikipedia.org/wiki/Orange-headed_thrush",PASS,,
sp_orange_headed_thrush,3,"Females have browner or more olive-coloured upperparts than males, while young birds are dull brown with streaks on their backs.",https://en.wikipedia.org/wiki/Orange-headed_thrush,PASS,,
sp_orange_headed_thrush,4,"It is a shy and secretive bird, and when disturbed it may stay completely still until the danger has passed.",https://en.wikipedia.org/wiki/Orange-headed_thrush,PASS,,
sp_orange_headed_thrush,5,"It usually searches for food on the ground, probing through fallen leaves and dense undergrowth, especially around dawn and dusk.",https://en.wikipedia.org/wiki/Orange-headed_thrush,PASS,,
sp_orange_headed_thrush,6,"Its diet includes insects, insect larvae, earthworms, spiders, fruit and other small invertebrates; birds in Malaysia also feed on figs.","https://singaporebirds.com/species/orange-headed-thrush
https://en.wikipedia.org/wiki/Orange-headed_thrush",PASS,,
sp_orange_headed_thrush,7,"Its song is a series of clear musical notes, and it can imitate other birds such as bulbuls, babblers and Common Tailorbirds.",https://en.wikipedia.org/wiki/Orange-headed_thrush,PASS,,
sp_orange_headed_thrush,8,"Both the male and female help build the nest, making a shallow cup from twigs, roots and plant material and lining it with softer materials such as leaves and moss.",https://en.wikipedia.org/wiki/Orange-headed_thrush,PASS,,
sp_orange_headed_thrush,9,"A nest usually contains three or four eggs; the eggs hatch after about 13–14 days, and the young can leave the nest about 12 days later.",https://en.wikipedia.org/wiki/Orange-headed_thrush,PASS,,
sp_orange_headed_thrush,10,"Orange-headed Thrushes are usually seen alone or in pairs rather than in flocks, although several may gather where there is a particularly good food source.",https://en.wikipedia.org/wiki/Orange-headed_thrush,PASS,,
sp_chestnut_capped_thrush,1,"The Chestnut-capped Thrush is a small thrush, measuring roughly 16–18 cm long.",https://birdsoftheworld.org/bow/species/chcthr1/cur/introduction,PASS,,
sp_chestnut_capped_thrush,2,"Its chestnut-coloured crown continues down onto the back of its neck, giving the bird its “chestnut-capped” name.",https://en.wikipedia.org/wiki/Chestnut-capped_thrush,PASS,,
sp_chestnut_capped_thrush,3,Its face is mostly black but has contrasting white patches on the cheeks and between the eyes and bill.,https://en.wikipedia.org/wiki/Chestnut-capped_thrush,PASS,,
sp_chestnut_capped_thrush,4,Its dark grey or blackish back contrasts with two noticeable broad white markings on its wings.,"https://ebird.org/species/chcthr1
https://birdsoftheworld.org/bow/species/chcthr1/cur/introduction",PASS,,
sp_chestnut_capped_thrush,5,"Its throat and upper breast are very dark, while its lower breast is covered with black spots that fade into a white belly.","https://en.wikipedia.org/wiki/Chestnut-capped_thrush
https://birdsoftheworld.org/bow/species/chcthr1/cur/introduction",PASS,,
sp_chestnut_capped_thrush,6,"It spends much of its feeding time on the forest floor, searching through leaf litter for invertebrates such as earthworms.",https://birdsoftheworld.org/bow/species/chcthr1/cur/introduction,PASS,,
sp_chestnut_capped_thrush,7,"It mainly lives in lowland forest with dense vegetation, but it can also occur in secondary and previously logged forest.",https://birdsoftheworld.org/bow/species/chcthr1/cur/introduction,PASS,,
sp_chestnut_capped_thrush,8,"The Chestnut-capped Thrush is a secretive bird that usually stays low in the forest, making it difficult to spot even when it is nearby.","https://birdsoftheworld.org/bow/species/chcthr1/cur/introduction
https://ebird.org/species/chcthr1",PASS,,
sp_chestnut_capped_thrush,9,"Its range extends across parts of Southeast Asia, including the Malay Peninsula, Sumatra, Java, Borneo and several nearby islands.","https://birdsoftheworld.org/bow/species/chcthr1/cur/introduction
https://en.wikipedia.org/wiki/Chestnut-capped_thrush",PASS,,
sp_chestnut_capped_thrush,10,"The Enggano Thrush was once treated as a subspecies of the Chestnut-capped Thrush, but it is now recognised separately, leaving the Chestnut-capped Thrush with no recognised subspecies.",https://en.wikipedia.org/wiki/Chestnut-capped_thrush,PASS,,
sp_malayan_night_heron,1,"The Malayan Night Heron is a medium-sized heron, measuring about 48–51 cm long.",https://singaporebirds.com/species/malayan-night-heron,PASS,,
sp_malayan_night_heron,2,"Adults have a dark cinnamon-brown body, a black crown and a dark stripe running from the throat down towards the breast.",https://ebird.org/species/manher1?siteLanguage=en_MY,PASS,,
sp_malayan_night_heron,3,"Young Malayan Night Herons look very different from adults, with grey-brown plumage covered in pale bars and markings.","https://singaporebirds.com/species/malayan-night-heron
https://ebird.org/species/manher1?siteLanguage=en_MY",PASS,,
sp_malayan_night_heron,4,"During the breeding season, adults can develop a bright blue patch of bare skin between the bill and the eyes; this colour becomes duller outside the breeding season.","https://ebird.org/species/manher1?siteLanguage=en_MY
https://en.wikipedia.org/wiki/Malayan_night_heron",PASS,,
sp_malayan_night_heron,5,They are usually solitary birds rather than gathering in large groups.,"https://singaporebirds.com/species/malayan-night-heron
https://ebird.org/species/manher1?siteLanguage=en_MY
https://en.wikipedia.org/wiki/Malayan_night_heron",PASS,,
sp_malayan_night_heron,6,"They are mainly active around dusk and at night, although they can sometimes be seen feeding during the daytime.",https://singaporebirds.com/species/malayan-night-heron,PASS,,
sp_malayan_night_heron,7,"When hunting, they may stand completely still or walk very slowly before catching prey.",https://singaporebirds.com/species/malayan-night-heron,PASS,,
sp_malayan_night_heron,8,"Earthworms and frogs are important foods, but they can also eat insects, fish, snails, crabs, spiders and reptiles.","https://singaporebirds.com/species/malayan-night-heron
https://en.wikipedia.org/wiki/Malayan_night_heron",PASS,,
sp_malayan_night_heron,9,"They can live in forests and forest edges as well as wooded parks and gardens, and they may also occur near streams and marshes.","https://singaporebirds.com/species/malayan-night-heron
https://en.wikipedia.org/wiki/Malayan_night_heron",PASS,,
sp_malayan_night_heron,10,"Their territorial call consists of deep “oo” notes, and they can also make rough croaking calls.",https://en.wikipedia.org/wiki/Malayan_night_heron,PASS,,
sp_common_hill_myna,1,The Common Hill Myna measures about 27–31 cm long.,https://singaporebirds.com/species/common-hill-myna,PASS,,
sp_common_hill_myna,2,"It has glossy black feathers with a purple-green shine, bright yellow wattles on its head, an orange bill and yellow legs.","https://singaporebirds.com/species/common-hill-myna
https://ebird.org/species/hilmyn",PASS,,
sp_common_hill_myna,3,It has white patches on its wings that become especially easy to see when the bird is flying.,https://singaporebirds.com/species/common-hill-myna,PASS,,
sp_common_hill_myna,4,"Young Common Hill Mynas are duller and less glossy than adults, with a browner shade on their upperparts.",https://singaporebirds.com/species/common-hill-myna,PASS,,
sp_common_hill_myna,5,"It mainly lives in mature humid forests and forest edges, but it can also occur in wooded parkland.","https://singaporebirds.com/species/common-hill-myna
https://ebird.org/species/hilmyn",PASS,,
sp_common_hill_myna,6,"Common Hill Mynas are often seen in pairs or small groups, especially when gathering at fruiting trees.","https://singaporebirds.com/species/common-hill-myna
https://ebird.org/species/hilmyn",PASS,,
sp_common_hill_myna,7,"It has an unusually wide range of natural calls, including screams, squeaks, chirps and whistles.",https://ebird.org/species/hilmyn,PASS,,
sp_common_hill_myna,8,"It is an omnivore that eats fruits, nectar and insects.",https://en.wikipedia.org/wiki/Common_hill_myna,PASS,,
sp_common_hill_myna,9,"Common Hill Mynas build their nests inside holes in trees, and a nest usually contains two or three eggs.",https://en.wikipedia.org/wiki/Common_hill_myna,PASS,,
sp_common_hill_myna,10,"The Common Hill Myna is famous for its ability to imitate sounds, including human speech.","https://ebird.org/species/hilmyn
https://en.wikipedia.org/wiki/Common_hill_myna",PASS,,
sp_prevost_s_squirrel,1,"A typical Prevost’s Squirrel has black upperparts and tail, reddish-orange underparts, and a white stripe along each side of its body.","https://www.ecologyasia.com/verts/mammals/prevost's_squirrel.htm
https://animaldiversity.org/accounts/Callosciurus_prevostii/",PASS,,
sp_prevost_s_squirrel,2,"Its body is about 20–27 cm long, and its bushy tail is roughly the same length as its body.",https://www.ecologyasia.com/verts/mammals/prevost's_squirrel.htm,PASS,,
sp_prevost_s_squirrel,3,"It is active during the day and spends almost all of its time in trees, only occasionally coming down to the ground.","https://www.ecologyasia.com/verts/mammals/prevost's_squirrel.htm
https://en.wikipedia.org/wiki/Prevost%27s_squirrel",PASS,,
sp_prevost_s_squirrel,4,Prevost’s Squirrels sometimes leave the forest to visit gardens and plantations when searching for ripe fruit.,"https://www.ecologyasia.com/verts/mammals/prevost's_squirrel.htm
https://en.wikipedia.org/wiki/Prevost%27s_squirrel",PASS,,
sp_prevost_s_squirrel,5,"Besides fruit, they can dig insects such as termites, ants and beetles out of rotting wood.",https://www.ecologyasia.com/verts/mammals/prevost's_squirrel.htm,PASS,,
sp_prevost_s_squirrel,6,"At night, they sleep in tree hollows or nests made from leaves and twigs, and they can wrap their bushy tails around themselves for warmth.",https://nationalzoo.si.edu/animals/prevosts-squirrel,PASS,,
sp_prevost_s_squirrel,7,"Newborn Prevost’s Squirrels are born naked, toothless, helpless and with their eyes closed, but by about six weeks they are fully furred and able to explore outside the nest.",https://nationalzoo.si.edu/animals/prevosts-squirrel,PASS,,
sp_prevost_s_squirrel,8,"They have been seen feeding together in groups at fig trees, even though squirrels are often thought of as solitary animals.",https://animaldiversity.org/accounts/Callosciurus_prevostii/,PASS,,
sp_prevost_s_squirrel,9,They help spread seeds by carrying fruit away from the parent tree and dropping the seeds after eating the flesh.,https://animaldiversity.org/accounts/Callosciurus_prevostii/,PASS,,
sp_prevost_s_squirrel,10,"Prevost’s Squirrels use different alarm calls for different dangers, including separate warnings for flying predators, ground predators and snakes. They can also use their tails like flags to communicate.",https://nationalzoo.si.edu/animals/prevosts-squirrel,PASS,,
sp_serow,1,A Serow can stand up to about 94 cm tall at the shoulder and weigh as much as 140 kg.,https://www.ecologyasia.com/verts/mammals/southern-serow.htm,PASS,,
sp_serow,2,"Its coat is usually dark grey to black, while young Serows may have greyer fur.",https://www.ecologyasia.com/verts/mammals/southern-serow.htm,PASS,,
sp_serow,3,"Older Serows develop a mane of long hair along their backs, which can appear greyish, buff or reddish.",https://www.ecologyasia.com/verts/mammals/southern-serow.htm,PASS,,
sp_serow,4,"Serows have short, pointed horns that curve slightly backwards and relatively large ears.","https://www.ecologyasia.com/verts/mammals/southern-serow.htm
https://en.wikipedia.org/wiki/Serow",PASS,,
sp_serow,5,"They are skilled at moving across steep, rocky and forested slopes despite their stocky bodies.","https://www.ecologyasia.com/verts/mammals/southern-serow.htm
https://en.wikipedia.org/wiki/Serow",PASS,,
sp_serow,6,"They can live high in the mountains and have been recorded at elevations of up to about 3,000 metres.",https://www.ecologyasia.com/verts/mammals/southern-serow.htm,PASS,,
sp_serow,7,"Serows usually live alone, although small groups have sometimes been observed.","https://www.ecologyasia.com/verts/mammals/southern-serow.htm
https://en.wikipedia.org/wiki/Serow",PASS,,
sp_serow,8,"They are mainly active during the day, although activity can also occur at other times.","https://www.ecologyasia.com/verts/mammals/southern-serow.htm
https://en.wikipedia.org/wiki/Serow",PASS,,
sp_serow,9,Serows browse on many kinds of vegetation rather than relying on just one type of plant.,https://www.ecologyasia.com/verts/mammals/southern-serow.htm,PASS,,
sp_serow,10,A female usually gives birth to a single young after a pregnancy lasting about eight months.,https://en.wikipedia.org/wiki/Serow,PASS,,
sp_malay_ground_cuckoo,1,"The Bornean Ground-Cuckoo is a large bird, measuring about 60 cm long.","https://birdsoftheworld.org/bow/species/bogcuc1/cur/introduction
https://ebird.org/species/bogcuc1",PASS,,
sp_malay_ground_cuckoo,2,"It is found only on the island of Borneo, including parts of Malaysia, Brunei and Indonesia.",https://en.wikipedia.org/wiki/Bornean_ground_cuckoo,PASS,,
sp_malay_ground_cuckoo,3,"Unlike many cuckoos that spend much of their time in trees, this species spends most of its time walking and searching for food on the forest floor.","https://birdsoftheworld.org/bow/species/bogcuc1/cur/introduction
https://ebird.org/species/bogcuc1",PASS,,
sp_malay_ground_cuckoo,4,"It has iridescent purple-green wings, a long dark tail, a black head and pale blue-green skin around its face and bill.",https://ebird.org/species/bogcuc1,PASS,,
sp_malay_ground_cuckoo,5,Its belly and other lower parts have striking fine black-and-white bars.,"https://birdsoftheworld.org/bow/species/bogcuc1/cur/introduction
https://ebird.org/species/bogcuc1",PASS,,
sp_malay_ground_cuckoo,6,It is extremely secretive and is often heard calling before it is actually seen.,https://ebird.org/species/bogcuc1,PASS,,
sp_malay_ground_cuckoo,7,It lives mainly in humid forest and is especially associated with lowland forest near rivers and swampy areas.,"https://birdsoftheworld.org/bow/species/bogcuc1/cur/introduction
https://en.wikipedia.org/wiki/Bornean_ground_cuckoo",PASS,,
sp_malay_ground_cuckoo,8,It searches through leaf litter for food and mainly eats invertebrates such as insects.,https://birdsoftheworld.org/bow/species/bogcuc1/cur/introduction,PASS,,
sp_malay_ground_cuckoo,9,It has sometimes been seen following Bearded Pigs or Sun Bears and eating small animals disturbed by these larger mammals as they move through the forest.,https://birdsoftheworld.org/bow/species/bogcuc1/cur/introduction,PASS,,
sp_malay_ground_cuckoo,10,"Male Bornean Ground-Cuckoos can make different calls, including a single “koo” and a two-note “thook-torr”; one observation found that the bird flicked its tail upward when giving the single call.",https://ebird.org/species/bogcuc1,PASS,,
sp_borneo_bay_cat,1,"The Borneo Bay Cat is about the size of a large domestic cat, with a head-and-body length of about 53 cm and a tail around 39 cm long.",https://wildcatconservation.org/wild-cats/asia/borneo-bay-cat/,PASS,,
sp_borneo_bay_cat,2,Its tail is unusually long compared with its body and tapers towards the end.,"https://wildcatconservation.org/wild-cats/asia/borneo-bay-cat/
https://bigcatrescue.org/conservation-news/bay-cat-facts",PASS,,
sp_borneo_bay_cat,3,"Bay Cats occur in different colour forms: some have rich chestnut-red fur, while others are grey, and very dark individuals have also been recorded.","https://wildcatconservation.org/wild-cats/asia/borneo-bay-cat/
https://bigcatrescue.org/conservation-news/bay-cat-facts",PASS,,
sp_borneo_bay_cat,4,"Its face has dark stripes beginning near the corners of the eyes, and the back of its head can have a dark M-shaped marking.",https://wildcatconservation.org/wild-cats/asia/borneo-bay-cat/,PASS,,
sp_borneo_bay_cat,5,"The underside of its long tail has a pale stripe that becomes pure white near the tip, while the upper surface of the tail is dark.","https://wildcatconservation.org/wild-cats/asia/borneo-bay-cat/
https://bigcatrescue.org/conservation-news/bay-cat-facts",PASS,,
sp_borneo_bay_cat,6,The Borneo Bay Cat is found naturally only on the island of Borneo.,"https://bigcatrescue.org/conservation-news/bay-cat-facts
https://en.wikipedia.org/wiki/Bay_cat
",PASS,,
sp_borneo_bay_cat,7,"The Borneo Bay Cat is mainly terrestrial, meaning it spends much of its time moving and hunting on the ground rather than in trees.",https://bigcatrescue.org/conservation-news/bay-cat-facts,PASS,,
sp_borneo_bay_cat,8,"Bay Cats are mainly active during the daytime, with activity peaks in the morning and early afternoon.",https://en.wikipedia.org/wiki/Bay_cat,PASS,,
sp_borneo_bay_cat,9,"Most Bay Cat sightings have been below 800 metres above sea level, but the species has been recorded as high as about 1,460 metres in the Kelabit Highlands.",https://bigcatrescue.org/conservation-news/bay-cat-facts,PASS,,
sp_borneo_bay_cat,10,"The Bay Cat was once thought to be a small island form of the Asian Golden Cat, but genetic testing showed that it is its own distinct species.",https://wildcatconservation.org/wild-cats/asia/borneo-bay-cat/,PASS,,
sp_asiatic_golden_cat,1,"The Asiatic Golden Cat is much larger than a domestic cat, with a head-and-body length of about 66–105 cm and a tail about 40–57 cm long.",https://en.wikipedia.org/wiki/Asian_golden_cat,PASS,,
sp_asiatic_golden_cat,2,"Its coat can come in many colours, including golden, reddish-brown, grey and almost black; some individuals even have spotted “ocelot-like” patterns.","https://en.wikipedia.org/wiki/Asian_golden_cat
https://www.ecologyasia.com/verts/mammals/asian-golden-cat.htm",PASS,,
sp_asiatic_golden_cat,3,It has distinctive pale and dark stripes on the sides of its face.,https://www.ecologyasia.com/verts/mammals/asian-golden-cat.htm,PASS,,
sp_asiatic_golden_cat,4,"The underside of its tail is white near the end, while the upper tip may be dark.",https://www.ecologyasia.com/verts/mammals/asian-golden-cat.htm,PASS,,
sp_asiatic_golden_cat,5,"It spends most of its time on the ground, but it is also able to climb trees when needed.","https://www.ecologyasia.com/verts/mammals/asian-golden-cat.htm
https://en.wikipedia.org/wiki/Asian_golden_cat",PASS,,
sp_asiatic_golden_cat,6,"Unlike animals that are active only by day or only by night, Asiatic Golden Cats have been recorded being active during both daytime and nighttime.",https://www.ecologyasia.com/verts/mammals/asian-golden-cat.htm,PASS,,
sp_asiatic_golden_cat,7,"It hunts many kinds of animals, including birds, rats, squirrels, reptiles and small deer.",https://www.ecologyasia.com/verts/mammals/asian-golden-cat.htm,PASS,,
sp_asiatic_golden_cat,8,"Females can shelter their young in hidden places such as hollow trees, spaces between rocks or hollows in the ground.",https://www.ecologyasia.com/verts/mammals/asian-golden-cat.htm,PASS,,
sp_asiatic_golden_cat,9,"It can live in many different forest types, including primary forest, secondary forest and even dry forest near grasslands.",https://www.ecologyasia.com/verts/mammals/asian-golden-cat.htm,PASS,,
sp_asiatic_golden_cat,10,"Although it is more commonly recorded in lowlands, it has also been found at elevations approaching 4,000 metres in Bhutan.",https://www.ecologyasia.com/verts/mammals/asian-golden-cat.htm,PASS,,
sp_common_emerald_dove,1,The Common Emerald Dove is about 23–27 cm long.,https://singaporebirds.com/species/common-emerald-dove,PASS,,
sp_common_emerald_dove,2,"It gets its name from its bright emerald-green wings, which contrast with its reddish body and bright orange-red bill.","https://singaporebirds.com/species/common-emerald-dove
https://ebird.org/species/emedov2",PASS,,
sp_common_emerald_dove,3,"Male and female Common Emerald Doves look different: males have a large silver-grey or white crown and a white shoulder patch, while females lack the white shoulder patch and are generally browner.","https://singaporebirds.com/species/common-emerald-dove
https://en.wikipedia.org/wiki/Common_emerald_dove",PASS,,
sp_common_emerald_dove,4,"Young Common Emerald Doves are duller and browner than adults, with rusty-coloured edges on some of their wing feathers.",https://singaporebirds.com/species/common-emerald-dove,PASS,,
sp_common_emerald_dove,5,"They usually search for food alone or in pairs on the forest floor, eating seeds, fruits and insects.",https://singaporebirds.com/species/common-emerald-dove,PASS,,
sp_common_emerald_dove,6,"Their call is a series of low, soft coos that starts quietly and becomes louder.","https://en.wikipedia.org/wiki/Common_emerald_dove
https://ebird.org/species/emedov2",PASS,,
sp_common_emerald_dove,7,"When disturbed, a Common Emerald Dove may walk away instead of immediately flying off.",https://en.wikipedia.org/wiki/Common_emerald_dove,PASS,,
sp_common_emerald_dove,8,"During courtship, a male performs a bobbing dance to display to a female.",https://en.wikipedia.org/wiki/Common_emerald_dove,PASS,,
sp_common_emerald_dove,9,"They can live in several wooded habitats, including secondary forest, forest edges, mangroves and coastal woodland.",https://singaporebirds.com/species/common-emerald-dove,PASS,,
sp_common_emerald_dove,10,"They build a simple stick nest in a tree, sometimes up to about 5 metres above the ground, and usually lay two cream-coloured eggs.",https://en.wikipedia.org/wiki/Common_emerald_dove,PASS,,
sp_white_rumped_shama,1,The White-rumped Shama is about 21.5–28 cm long.,https://singaporebirds.com/species/white-rumped-shama,PASS,,
sp_white_rumped_shama,2,"Adult males have a glossy blue-black head and back, an orange-rufous belly, a bright white rump and a long dark tail.",https://singaporebirds.com/species/white-rumped-shama,PASS,,
sp_white_rumped_shama,3,Females are more greyish-brown than males and usually have a shorter tail.,"https://singaporebirds.com/species/white-rumped-shama
https://en.wikipedia.org/wiki/White-rumped_shama",PASS,,
sp_white_rumped_shama,4,"Young White-rumped Shamas are brownish like females but have buff speckles and dark, scale-like markings on the chest.",https://singaporebirds.com/species/white-rumped-shama,PASS,,
sp_white_rumped_shama,5,They usually search for food on the ground by moving through fallen leaves and other leaf litter.,https://singaporebirds.com/species/white-rumped-shama,PASS,,
sp_white_rumped_shama,6,"They are shy and territorial birds, and a male will defend an area from other White-rumped Shamas.",https://en.wikipedia.org/wiki/White-rumped_shama,PASS,,
sp_white_rumped_shama,7,"During courtship, the male flicks and spreads his tail feathers and may perform a rising-and-falling flight with the female.",https://en.wikipedia.org/wiki/White-rumped_shama,PASS,,
sp_white_rumped_shama,8,The female builds the nest by herself while the male stands guard nearby.,https://en.wikipedia.org/wiki/White-rumped_shama,PASS,,
sp_white_rumped_shama,9,"Their nests are often placed in tree hollows, and a female commonly lays four or five eggs.",https://en.wikipedia.org/wiki/White-rumped_shama,PASS,,
sp_white_rumped_shama,10,"The White-rumped Shama has a loud, clear and melodious song and can imitate the calls of other bird species.",https://en.wikipedia.org/wiki/White-rumped_shama,PASS,,
sp_rufous_tailed_shama,1,The Rufous-tailed Shama is about 20–22 cm long.,https://birdsoftheworld.org/bow/species/rutsha2/cur/introduction,PASS,,
sp_rufous_tailed_shama,2,"Adult males have a dark grey to almost black head, breast and wings, which contrast with their bright orange-rufous belly and rump.","https://ebird.org/species/rutsha2?siteLanguage=en_MY
https://birdsoftheworld.org/bow/species/rutsha2/cur/introduction",PASS,,
sp_rufous_tailed_shama,3,"A male has a small bright white patch just above or in front of the eye, while the female does not have this white marking.","https://ebird.org/species/rutsha2?siteLanguage=en_MY
https://birdsoftheworld.org/bow/species/rutsha2/cur/introduction",PASS,,
sp_rufous_tailed_shama,4,"Females are browner than males, with an olive-brown head and upperparts and a buff or rufous-coloured breast.","https://ebird.org/species/rutsha2?siteLanguage=en_MY
https://birdsoftheworld.org/bow/species/rutsha2/cur/introduction",PASS,,
sp_rufous_tailed_shama,5,"Most of its tail is bright rufous or orange, but the feathers become dark grey or black towards the tip.","https://ebird.org/species/rutsha2?siteLanguage=en_MY
https://birdsoftheworld.org/bow/species/rutsha2/cur/introduction",PASS,,
sp_rufous_tailed_shama,6,"It occurs naturally in extreme southern Thailand, Malaysia, Sumatra and Borneo.","https://en.wikipedia.org/wiki/Rufous-tailed_shama
https://animalia.bio/rufous-tailed-shama#google_vignette",PASS,,
sp_rufous_tailed_shama,7,It lives mainly in moist lowland forests and can also occur in tropical swamp forests.,"https://en.wikipedia.org/wiki/Rufous-tailed_shama
https://animalia.bio/rufous-tailed-shama#google_vignette",PASS,,
sp_rufous_tailed_shama,8,"The Rufous-tailed Shama is mainly a terrestrial bird, spending much of its time at or near ground level.",https://animalia.bio/rufous-tailed-shama#google_vignette,PASS,,
sp_rufous_tailed_shama,9,"It is a resident bird rather than a seasonal migrant, meaning it generally stays within its range throughout the year.","https://birdsoftheworld.org/bow/species/rutsha2/cur/introduction
https://animalia.bio/rufous-tailed-shama#google_vignette",PASS,,
sp_rufous_tailed_shama,10,"It was once placed in its own genus, Trichixos, but genetic research led scientists to move it into the genus Copsychus.","https://en.wikipedia.org/wiki/Rufous-tailed_shama
https://animalia.bio/rufous-tailed-shama#google_vignette",PASS,,
sp_oriental_magpie_robin,1,The Oriental Magpie-robin is about 19–21 cm long.,"https://singaporebirds.com/species/oriental-magpie-
https://www.nparks.gov.sg/florafaunaweb/fauna/7/4/748",PASS,,
sp_oriental_magpie_robin,2,"Adult males have glossy black upperparts and breast, a white belly, a bold white wing stripe and white outer tail feathers.","https://singaporebirds.com/species/oriental-magpie-robin
https://www.nparks.gov.sg/florafaunaweb/fauna/7/4/748",PASS,,
sp_oriental_magpie_robin,3,"Females resemble males but have dark grey instead of glossy black on the head, breast and upperparts.","https://singaporebirds.com/species/oriental-magpie-robin
https://www.nparks.gov.sg/florafaunaweb/fauna/7/4/748",PASS,,
sp_oriental_magpie_robin,4,Young birds are browner than adults and have scale-like markings on their upper breast and body.,"https://singaporebirds.com/species/oriental-magpie-robin
https://en.wikipedia.org/wiki/Oriental_magpie-robin",PASS,,
sp_oriental_magpie_robin,5,"When searching for food on the ground, they often hop around with their long tail held upright.","https://singaporebirds.com/species/oriental-magpie-robin
https://www.nparks.gov.sg/florafaunaweb/fauna/7/4/748",PASS,,
sp_oriental_magpie_robin,6,"They mainly eat insects and other small invertebrates, but have also been recorded eating foods such as nectar, geckos, leeches, centipedes and even fish.",https://en.wikipedia.org/wiki/Oriental_magpie-robin,PASS,,
sp_oriental_magpie_robin,7,"Males sing loudly from high perches, and their songs can even imitate the calls of other bird species.","https://www.nparks.gov.sg/florafaunaweb/fauna/7/4/748
https://en.wikipedia.org/wiki/Oriental_magpie-robin",PASS,,
sp_oriental_magpie_robin,8,"During courtship, a male may puff up his feathers, raise his bill, fan his tail and strut to attract a female.",https://en.wikipedia.org/wiki/Oriental_magpie-robin,PASS,,
sp_oriental_magpie_robin,9,"They often build nests inside tree holes, wall cavities or nest boxes, lining the space with grass.",https://en.wikipedia.org/wiki/Oriental_magpie-robin,PASS,,
sp_oriental_magpie_robin,10,The female usually lays four or five pale blue-green eggs with brownish speckles and incubates them by herself for about 8–14 days.,https://en.wikipedia.org/wiki/Oriental_magpie-robin,PASS,,
sp_blue_breasted_quail,1,"The Blue-breasted Quail is the smallest and lightest bird in the order Galliformes, the group that includes chickens, pheasants and other quails.",https://en.wikipedia.org/wiki/King_quail,PASS,,
sp_blue_breasted_quail,2,"Adult males have a blue head and breast, a deep cinnamon-coloured belly, and bold black-and-white markings on the throat.",https://ebird.org/species/blbqua1,PASS,,
sp_blue_breasted_quail,3,"Females are mostly brown with a paler belly and a plain face, making them much less colourful than males.",https://ebird.org/species/blbqua1,PASS,,
sp_blue_breasted_quail,4,"Its call includes a descending whistle that sounds like “tew-tew,” as well as a rough, snoring call.",https://ebird.org/species/blbqua1,PASS,,
sp_blue_breasted_quail,5,It spends most of its life on the ground and usually stays hidden among grasses and other low vegetation.,https://ebird.org/species/blbqua1,PASS,,
sp_blue_breasted_quail,6,"When suddenly disturbed, it can burst rapidly upward into flight to escape danger.",https://en.wikipedia.org/wiki/King_quail,PASS,,
sp_blue_breasted_quail,7,"It can live in lowland grasslands, grassy hillsides and farmland.",https://ebird.org/species/blbqua1,PASS,,
sp_blue_breasted_quail,8,"Its wild diet includes grass seeds, other small seeds, vegetation and tiny insects.",https://en.wikipedia.org/wiki/King_quail,PASS,,
sp_blue_breasted_quail,9,A female can lay a clutch of about 5–13 eggs before she begins incubating them.,https://en.wikipedia.org/wiki/King_quail,PASS,,
sp_blue_breasted_quail,10,The chicks hatch after roughly 16 days of incubation.,https://en.wikipedia.org/wiki/King_quail,PASS,,
sp_malaysian_rail_babbler,1,"The Malaysian Rail-babbler is about 28–30 cm long and has a long neck, long legs and a long tail.",https://en.wikipedia.org/wiki/Rail-babbler,PASS,,
sp_malaysian_rail_babbler,2,"It has a reddish-brown crown and a rich chestnut throat, with a broad white stripe above the eye and a bold black stripe running through the eye.",https://en.wikipedia.org/wiki/Rail-babbler,PASS,,
sp_malaysian_rail_babbler,3,It has a strip of bare blue skin on the side of its neck that becomes easier to see when the bird calls or displays.,https://en.wikipedia.org/wiki/Rail-babbler,PASS,,
sp_malaysian_rail_babbler,4,"Males and females look alike, while young birds are duller and have a whitish throat and darker grey-brown belly.",https://en.wikipedia.org/wiki/Rail-babbler,PASS,,
sp_malaysian_rail_babbler,5,"It spends most of its time on the forest floor and walks in a rail-like way, jerking its head somewhat like a chicken.",https://en.wikipedia.org/wiki/Rail-babbler,PASS,,
sp_malaysian_rail_babbler,6,"When frightened, it usually prefers to run away and hide rather than immediately fly.",https://en.wikipedia.org/wiki/Rail-babbler,PASS,,
sp_malaysian_rail_babbler,7,"It hunts insects such as cicadas and beetles, as well as spiders and worms, and may dash after prey on the forest floor.",https://en.wikipedia.org/wiki/Rail-babbler,PASS,,
sp_malaysian_rail_babbler,8,"Its usual call is a long, repeated whistle, but when agitated it can produce a series of unusual frog-like notes.",https://en.wikipedia.org/wiki/Rail-babbler,PASS,,
sp_malaysian_rail_babbler,9,Its cup-shaped nest is made from plant fibres and can be placed very close to the ground among dead leaves and plant stems.,https://en.wikipedia.org/wiki/Rail-babbler,PASS,,
sp_malaysian_rail_babbler,10,"The Malaysian Rail-babbler can live from lowland forest up into lower mountain forest, reaching about 1,060 metres above sea level in Peninsular Malaysia.",https://en.wikipedia.org/wiki/Rail-babbler,PASS,,
sp_malaysian_mole,1,"The Malaysian Mole is found naturally only in Peninsular Malaysia, making it the southernmost known mole species in the world.",https://en.wikipedia.org/wiki/Malaysian_mole,PASS,,
sp_malaysian_mole,2,It is known only from the Cameron Highlands.,https://en.wikipedia.org/wiki/Malaysian_mole,PASS,,
sp_malaysian_mole,3,"It has been recorded at elevations of about 1,300–1,600 metres above sea level.",https://en.wikipedia.org/wiki/Malaysian_mole,PASS,,
sp_malaysian_mole,4,Malaysian Moles have been found in tea plantations and nearby gardens.,https://en.wikipedia.org/wiki/Malaysian_mole,PASS,,
sp_malaysian_mole,5,The species was first discovered in 1937 in a forest that was being converted into a tea plantation.,https://en.wikipedia.org/wiki/Malaysian_mole,PASS,,
sp_malaysian_mole,6,"Scientists once suspected that the Malaysian Mole had accidentally arrived with tea plants brought from Darjeeling, India, but later genetic evidence showed that it is native to Malaysia.",https://en.wikipedia.org/wiki/Malaysian_mole,PASS,,
sp_malaysian_mole,7,Genetic and physical studies found that it is most closely related to Kloss’s Mole rather than the Himalayan Mole.,https://en.wikipedia.org/wiki/Malaysian_mole,PASS,,
sp_malaysian_mole,8,"Compared with the length of its skull, its upper molars are proportionally larger than those of any other mole in the genus Euroscaptor.",https://en.wikipedia.org/wiki/Malaysian_mole,PASS,,
sp_malaysian_mole,9,Scientists think it may be a relict species that survived in the Cameron Highlands because the cooler mountain climate is suitable for moles.,https://en.wikipedia.org/wiki/Malaysian_mole,PASS,,
sp_malaysian_mole,10,Malaysia’s hot tropical lowlands are thought to be unsuitable for this mole because they have poorer soil development and less leaf litter than the cooler highlands.,https://en.wikipedia.org/wiki/Malaysian_mole,PASS,,
sp_common_sun_skink,1,"A Common Sun Skink can reach about 35 cm from its snout to the end of its tail, while its body alone is about 13 cm long.","https://www.ecologyasia.com/verts/lizards/many-lined_sun_skink.htm
https://www.nparks.gov.sg/florafaunaweb/fauna/3/2/324",PASS,,
sp_common_sun_skink,2,Its body is usually bronze-brown and may have thin black stripes running along its back.,https://www.nparks.gov.sg/florafaunaweb/fauna/3/2/324,PASS,,
sp_common_sun_skink,3,"Some Common Sun Skinks have dark sides covered with white spots, while others have a bright orange band stretching from behind the ear towards the hind legs.",https://www.nparks.gov.sg/florafaunaweb/fauna/3/2/324,PASS,,
sp_common_sun_skink,4,"Each scale on its back usually has three raised ridges, called keels.","https://www.ecologyasia.com/verts/lizards/many-lined_sun_skink.htm
https://en.wikipedia.org/wiki/Eutropis_multifasciata",PASS,,
sp_common_sun_skink,5,"It is active during the daytime and is often seen basking in sunny places on rocks, logs, tree trunks or the ground.","https://www.ecologyasia.com/verts/lizards/many-lined_sun_skink.htm
https://www.nparks.gov.sg/florafaunaweb/fauna/3/2/324",PASS,,
sp_common_sun_skink,6,"When approached, it usually tries to escape quickly by running away.",https://www.nparks.gov.sg/florafaunaweb/fauna/3/2/324,PASS,,
sp_common_sun_skink,7,"When under stress or threatened, a Common Sun Skink can shed its tail as a defence.",https://www.nparks.gov.sg/florafaunaweb/fauna/3/2/324,PASS,,
sp_common_sun_skink,8,Its food consists mainly of insects.,https://www.nparks.gov.sg/florafaunaweb/fauna/3/2/324,PASS,,
sp_common_sun_skink,9,"Unlike reptiles that lay eggs, the Common Sun Skink gives birth to live young.",https://www.nparks.gov.sg/florafaunaweb/fauna/3/2/324,PASS,,
sp_common_sun_skink,10,It can be identified by five or seven dark lines running lengthwise along the underside of its body.,https://www.ecologyasia.com/verts/lizards/many-lined_sun_skink.htm,PASS,,
sp_yellow_rumped_flycatcher,1,"The Yellow-rumped Flycatcher is a small bird, measuring about 13–13.5 cm long.",https://singaporebirds.com/species/yellow-rumped-flycatcher,PASS,,
sp_yellow_rumped_flycatcher,2,"Adult males have black upperparts, bright yellow underparts and rump, a broad white eyebrow, and a long white patch on the wings.","https://singaporebirds.com/species/yellow-rumped-flycatcher
https://en.wikipedia.org/wiki/Yellow-rumped_flycatcher",PASS,,
sp_yellow_rumped_flycatcher,3,"Females are much duller than males, with greyish-olive upperparts and pale underparts, but they still have the species’ distinctive yellow rump.","https://singaporebirds.com/species/yellow-rumped-flycatcher
https://en.wikipedia.org/wiki/Yellow-rumped_flycatcher",PASS,,
sp_yellow_rumped_flycatcher,4,"During spring, males can develop an orange flush on their throat and breast.",https://singaporebirds.com/species/yellow-rumped-flycatcher,PASS,,
sp_yellow_rumped_flycatcher,5,"The yellow rump is visible in males, females and young birds, making it one of the most useful features for identifying the species.","https://en.wikipedia.org/wiki/Yellow-rumped_flycatcher
https://en.wikipedia.org/wiki/Yellow-rumped_flycatcher",PASS,,
sp_yellow_rumped_flycatcher,6,It is a migratory bird: it breeds in eastern Asia and travels south to spend the winter mainly in the Thai-Malay Peninsula and Sumatra.,"https://singaporebirds.com/species/yellow-rumped-flycatcher
https://en.wikipedia.org/wiki/Yellow-rumped_flycatcher",PASS,,
sp_yellow_rumped_flycatcher,7,"During migration and winter, it can use many different habitats, including forests, parks, gardens, wooded areas and mangroves.",https://singaporebirds.com/species/yellow-rumped-flycatcher,PASS,,
sp_yellow_rumped_flycatcher,8,"The female builds the nest by herself, usually completing it in about three to four days.",https://en.wikipedia.org/wiki/Yellow-rumped_flycatcher,PASS,,
sp_yellow_rumped_flycatcher,9,A female usually lays several eggs and incubates them by herself for around 11–12 days.,https://en.wikipedia.org/wiki/Yellow-rumped_flycatcher,PASS,,
sp_yellow_rumped_flycatcher,10,Young Yellow-rumped Flycatchers usually leave the nest about 14–15 days after hatching.,https://en.wikipedia.org/wiki/Yellow-rumped_flycatcher,PASS,,
sp_red_junglefowl,1,"Male Red Junglefowl are much larger than females: males measure about 65–78 cm long, while females are about 41–46 cm.",https://singaporebirds.com/species/red-junglefowl,PASS,,
sp_red_junglefowl,2,"Adult males have a bright red comb, white ear patches, golden-yellow neck feathers and a curved dark-green tail.",https://singaporebirds.com/species/red-junglefowl,PASS,,
sp_red_junglefowl,3,"Females are much less colourful than males, with mostly golden-brown plumage that helps them blend into their surroundings.","https://singaporebirds.com/species/red-junglefowl
https://en.wikipedia.org/wiki/Red_junglefowl",PASS,,
sp_red_junglefowl,4,"Male Red Junglefowl change appearance during their yearly “eclipse” moult: their long colourful neck feathers are replaced by shorter, duller feathers for several months.","https://singaporebirds.com/species/red-junglefowl
https://en.wikipedia.org/wiki/Red_junglefowl",PASS,,
sp_red_junglefowl,5,"They spend most of their time on the ground, but they can fly into trees and other high places to roost safely at night.","https://singaporebirds.com/species/red-junglefowl
https://en.wikipedia.org/wiki/Red_junglefowl",PASS,,
sp_red_junglefowl,6,"Red Junglefowl regularly take dust baths, which help remove excess oil from their feathers.",https://en.wikipedia.org/wiki/Red_junglefowl,PASS,,
sp_red_junglefowl,7,"They use different alarm calls for dangers in the air and dangers on the ground, and other birds respond differently depending on the warning.",https://en.wikipedia.org/wiki/Red_junglefowl,PASS,,
sp_red_junglefowl,8,"Adults eat more plant material such as fruits and seeds, while chicks depend much more heavily on insects, insect larvae and earthworms.",https://en.wikipedia.org/wiki/Red_junglefowl,PASS,,
sp_red_junglefowl,9,"Male Red Junglefowl perform a courtship behaviour called “tidbitting”: they make clucking sounds, bob their heads and repeatedly pick up and drop food to attract a female.",https://en.wikipedia.org/wiki/Red_junglefowl,PASS,,
sp_red_junglefowl,10,The Red Junglefowl is the main wild ancestor of today’s domestic chicken.,https://en.wikipedia.org/wiki/Red_junglefowl,PASS,,
sp_thick_spined_porcupine,1,The thick-spined porcupine is quite adaptable. It can live in wild forests and also in places where people grow crops.,https://animalia.bio/thick-spined-porcupine,PASS,,
sp_thick_spined_porcupine,2,"This porcupine can live from low ground near sea level all the way up to at least 1,200 metres, higher than many city skyscrapers!",https://animalia.bio/thick-spined-porcupine,PASS,,
sp_thick_spined_porcupine,3,"The thick-spined porcupine is a true Borneo special. In the wild, it is naturally found only on this island, including the Malaysian part of Borneo.",https://mountainbiodiversity.org/species/3150,PASS,,
sp_thick_spined_porcupine,4,The thick-spined porcupine keeps its paws on solid ground. It is a land-living animal rather than one that lives in water or trees.,https://animalia.bio/thick-spined-porcupine,PASS,,
sp_thick_spined_porcupine,5,Thick-spined porcupines can live in natural forests and even in areas where people grow crops.,https://en.wikipedia.org/wiki/Thick-spined_porcupine,PASS,,
sp_thick_spined_porcupine,6,"Wildlife status can change as scientists learn more. The thick-spined porcupine was listed as Near Threatened in 1996, but by 2008 it had moved to Least Concern.",https://animalia.bio/thick-spined-porcupine,PASS,,
sp_thick_spined_porcupine,7,"Surprise, a porcupine is a rodent! The thick-spined porcupine belongs to the same huge mammal group as animals such as rats and squirrels.",https://animalia.bio/thick-spined-porcupine#google_vignette,PASS,,
sp_thick_spined_porcupine,8,"People hunt this porcupine for food, but scientists cited by these sources say its broad range and ability to handle changed habitats help the species cope with this pressure.",https://animalia.bio/thick-spined-porcupine#google_vignette,PASS,,
sp_thick_spined_porcupine,9,The thick-spined porcupine is not limited to deep jungle. It can also live around agricultural land changed by people.,https://animals.fandom.com/wiki/Thick-spined_Porcupine,PASS,,
sp_thick_spined_porcupine,10,"The thick-spined porcupine has another cool name, the Borneo short-tailed porcupine, which hints at both its island home and its short tail",https://www.inaturalist.org/taxa/44169-Hystrix-crassispinis,PASS,,
sp_striped_wren_babbler,1,No giant seasonal journey for this bird. The striped wren-babbler stays around its home range all year instead of migrating with the seasons.,https://animalia.bio/striped-wren-babbler#google_vignette,PASS,,
sp_striped_wren_babbler,2,"There are signs that the striped wren-babbler's population is shrinking, which makes protecting its habitat especially important.",https://animalia.bio/striped-wren-babbler#google_vignette,PASS,,
sp_striped_wren_babbler,3,"The striped wren-babbler likes warm, wet places. You can find its natural habitat in damp lowland forests and swampy areas.",https://en.wikipedia.org/wiki/Striped_wren-babbler,PASS,,
sp_striped_wren_babbler,4,The striped wren-babbler has a whole genus to itself. It is the one and only species placed in Kenopia.,https://en.wikipedia.org/wiki/Striped_wren-babbler,PASS,,
sp_striped_wren_babbler,5,"Like other egg-laying birds, the striped wren-babbler starts life by hatching from an egg.",https://animalia.bio/striped-wren-babbler#google_vignette,PASS,,
sp_striped_wren_babbler,6,"You can find the striped wren-babbler in Malaysia, but Malaysia does not have it all to itself. The bird also lives in Brunei, Indonesia, and Thailand.",https://ebird.org/species/stwbab3?siteLanguage=en_MY&continue,PASS,,
sp_striped_wren_babbler,7,"This bird's scientific naming has a two-part history. Its species name dates to 1842, but its genus, Kenopia, was established 27 years later in 1869.",https://en.wikipedia.org/wiki/Striped_wren-babbler,PASS,,
sp_striped_wren_babbler,8,The striped wren-babbler is a land-loving forest bird. The bird is terrestrial and is an important part of the forest biome.,https://animalia.bio/striped-wren-babbler#google_vignette,PASS,,
sp_striped_wren_babbler,9,"The striped wren-babbler belongs to a huge bird group called Passeriformes, also known as the passerines.",https://datazone.birdlife.org/species/factsheet/striped-wren-babbler-kenopia-striata,PASS,,
sp_striped_wren_babbler,10,This bird does not mind soggy surroundings. The striped wren-babbler can live around swampy places as well as wet lowland forests.,https://en.wikipedia.org/wiki/Striped_wren-babbler,PASS,,
sp_buffy_fish_owl,1,"This owl may look big, but it is actually the smallest fish owl species. A buffy fish owl can grow about 40 to 48 cm long and weigh roughly 1 to 2.1 kg.",https://en.wikipedia.org/wiki/Buffy_fish_owl,PASS,,
sp_buffy_fish_owl,2,This owl goes fishing without taking a swim. The buffy fish owl can swoop from the riverbank or step into shallow water and grab prey with its feet while keeping its feathers dry.,https://app.birda.org/species-guide/9502/Buffy_Fish_Owl,PASS,,
sp_buffy_fish_owl,3,"Not every owl is a silent flyer. The buffy fish owl lacks some of the special fluffy feather edges that quiet other owls, so its wings can actually make noise in flight.",https://en.wikipedia.org/wiki/Buffy_fish_owl,PASS,,
sp_buffy_fish_owl,4,"Fish may be in the name, but this owl is not a fish-only eater. The buffy fish owl can munch on crabs, frogs, reptiles and birds, and researchers have even found evidence of insects, rats, and fruit bats in its diet.",https://app.birda.org/species-guide/9502/Buffy_Fish_Owl,PASS,,
sp_buffy_fish_owl,5,"This owl has a whole sound collection. Buffy fish owls can hiss, rattle out calls, and make loud or high notes. A pair may even perform an owl duet together for several minutes.",https://ebird.org/species/bufowl2,PASS,,
sp_buffy_fish_owl,6,"Talk about unusual bedrooms. A buffy fish owl may nest on top of a giant fern, inside a tree hole, or sometimes even behind a waterfall.",https://en.wikipedia.org/wiki/Buffy_fish_owl,PASS,,
sp_buffy_fish_owl,7,"One egg is a big deal for this owl. Buffy fish owl nests have only been recorded with one egg per breeding season. The egg takes about 28 to 29 days to hatch, and the youngster is ready to fledge around six weeks later.",https://app.birda.org/species-guide/9502/Buffy_Fish_Owl,PASS,,
sp_buffy_fish_owl,8,"Protecting wildlife matters close to home. In Johor in 2008, authorities found 14 buffy fish owls in an illegal wildlife shipment, showing that these Malaysian owls can be targeted by wildlife trafficking.",https://en.wikipedia.org/wiki/Buffy_fish_owl,PASS,,
sp_buffy_fish_owl,9,"The buffy fish owl is right at home in Malaysia. Look for its kind of habitat near forests, rivers, lakes, and wetlands, from lowlands all the way up to about 1,600 m high.",https://app.birda.org/species-guide/9502/Buffy_Fish_Owl,PASS,,
sp_buffy_fish_owl,10,"Most owls cough up neat little pellets, but the buffy fish owl does things differently. Bits of bones and other leftovers can come out separately and drop below its resting spot.",https://en.wikipedia.org/wiki/Buffy_fish_owl,PASS,,
sp_tiger_shrike,1,"Malaysia is part of this bird's winter holiday zone. Some tiger shrikes keep flying even farther, reaching islands such as Java, Bali, and Sulawesi.",https://en.wikipedia.org/wiki/Tiger_shrike,PASS,,
sp_tiger_shrike,2,"You do not always need to hike high into the mountains to find tiger shrike habitat. In winter, the tiger shrike usually stays below 1,000 metres and can turn up near forests, farms, mangroves, and gardens.",https://singaporebirds.com/species/tiger-shrike,PASS,,
sp_tiger_shrike,3,"Why is it called a tiger shrike? Check out its back. Dark stripes cross reddish-brown feathers, giving the bird its own tiny tiger pattern.",https://app.birdweather.com/species/tiger-shrike,PASS,,
sp_tiger_shrike,4,"A tiger shrike can change its look depending on its age and sex. Adult males wear a bold black ""mask"", while females are browner and youngsters do not yet have the same grey and black head markings.",https://ebird.org/species/tigshr1,PASS,,
sp_tiger_shrike,5,"The tiger shrike may be a fierce little hunter, but it is only about 17 to 19 cm long. Females have been recorded at up to 37 g, while males in the cited measurements weighed 27 to 29 g.",https://singaporebirds.com/species/tiger-shrike,PASS,,
sp_tiger_shrike,6,"Do not let its small size fool you. The tiger shrike loves insects like grasshoppers and beetles, but it can also hunt lizards, tiny birds, and even rodents.",https://singaporebirds.com/species/tiger-shrike,PASS,,
sp_tiger_shrike,7,"This hunter can use two strategies. A tiger shrike may wait quietly on a perch for prey to appear, or sneak through leafy branches searching for its next meal.",https://ebird.org/species/tigshr1,PASS,,
sp_tiger_shrike,8,"Tiger shrike romance comes with a dance show. A male can bob his body, wiggle his head from side to side, sing softly, then zoom through a fast display flight.",https://en.wikipedia.org/wiki/Tiger_shrike,PASS,,
sp_tiger_shrike,9,"Building a tiger shrike family is teamwork. Mum and dad both help make the nest, usually above the ground in a tree. There are often five eggs, Mum sits on them for about 14 to 16 days, and the chicks leave the nest roughly two weeks after hatching",https://en.wikipedia.org/wiki/Tiger_shrike,PASS,,
sp_tiger_shrike,10,"Tiger shrikes may travel across a huge part of Asia, but scientists currently do not split them into different subspecies. They are all treated as the same tiger shrike species.",https://en.wikipedia.org/wiki/Tiger_shrike,PASS,,
sp_borneo_earless_monitor,1,"""Earless"" does not mean deaf. The Borneo earless monitor can hear, but you cannot see normal ear openings on the sides of its head.",https://forestry.sarawak.gov.my/web/subpage/webpage_view/863,PASS,,
sp_borneo_earless_monitor,2,"This lizard likes life close to water. The Borneo earless monitor usually lives below 300 m near streams and marshes, and it can even survive near farms and oil palm areas if suitable streams remain.",https://www.environmentalinclusion.com/endangered-species/lanthanotus-borneensis,PASS,,
sp_borneo_earless_monitor,3,"This lizard is a night explorer. By day, the Borneo earless monitor may hide in a burrow about 30 cm long or tuck itself under logs, rocks, and plants.",https://forestry.sarawak.gov.my/web/subpage/webpage_view/863,PASS,,
sp_borneo_earless_monitor,4,"Underwater snack time! The Borneo earless monitor eats worms, crustaceans, and fish, and it can do something unusual for a lizard, swallow its food while still underwater.",https://en.wikipedia.org/wiki/Earless_monitor_lizard,PASS,,
sp_borneo_earless_monitor,5,"A typical adult Borneo earless monitor is around 40 cm from nose to tail, about the length of a large school ruler plus a little extra.",https://www.environmentalinclusion.com/endangered-species/lanthanotus-borneensis,PASS,,
sp_borneo_earless_monitor,6,"Its tail can work a bit like an extra grip. The Borneo earless monitor can use its prehensile tail to hold on, but if the tail is lost, it will not grow back.",https://en.wikipedia.org/wiki/Earless_monitor_lizard,PASS,,
sp_borneo_earless_monitor,7,"A Borneo earless monitor mum can lay anywhere from 2 to 12 eggs, with about 8 being typical. At 27°C in captivity, the eggs take around three months to hatch.",https://www.environmentalinclusion.com/endangered-species/lanthanotus-borneensis,PASS,,
sp_borneo_earless_monitor,8,"Malaysia gives this rare lizard serious protection. In Sarawak, the Borneo earless monitor is a Totally Protected Animal and is listed locally as ""Cicak purba.""",https://forestry.sarawak.gov.my/web/subpage/webpage_view/790,PASS,,
sp_borneo_earless_monitor,9,"This secretive lizard needs protection. The Borneo earless monitor is Endangered, its known range is very small, and wildlife trafficking and habitat loss can put extra pressure on the species.",https://www.inaturalist.org/taxa/36062-Lanthanotus-borneensis,PASS,,
sp_borneo_earless_monitor,10,"This lizard has an entire family all to itself. The Borneo earless monitor is the only living member of Lanthanotidae, making it a very unusual survivor on the lizard family tree.",https://forestry.sarawak.gov.my/web/subpage/webpage_view/790,PASS,,
sp_crab_eating_macaque,1,"The crab-eating macaque is a true Southeast Asian monkey, and Malaysia is one of the countries it naturally calls home.",https://www.thainationalparks.com/species/crab-eating-macaque,PASS,,
sp_crab_eating_macaque,2,Now that is a long tail! A crab-eating macaque's tail can be about as long as its whole head and body put together.,https://www.thainationalparks.com/species/crab-eating-macaque,PASS,,
sp_crab_eating_macaque,3,"Jungle, mangrove, or even the edge of a town, the crab-eating macaque can adjust to many different neighbourhoods.",https://www.worldanimalprotection.ca/blogs/5-facts-long-tailed-macaques/,PASS,,
sp_crab_eating_macaque,4,"Despite the name ""crab-eating,"" this monkey is a big fruit fan. In some wild groups, fruit makes up more than 80% of the menu.",https://www.worldanimalprotection.ca/blogs/5-facts-long-tailed-macaques/,PASS,,
sp_crab_eating_macaque,5,These monkeys have their own stone tool kit. Some crab-eating macaques pick up rocks and use them like hammers to smash open tough snacks.,https://www.worldanimalprotection.ca/blogs/5-facts-long-tailed-macaques/,PASS,,
sp_crab_eating_macaque,6,"A crab-eating macaque can help plant the forest without even trying. By eating fruit and spreading seeds, it helps new plants grow in different places.",https://terra-cultura.com/crab-eating-macaques-habitat-behaviour-and-ecological-role/,PASS,,
sp_crab_eating_macaque,7,"In a crab-eating macaque troop, daughters usually stay with their family, but sons eventually head off to another group. A troop can contain dozens of monkeys.",https://www.thainationalparks.com/species/crab-eating-macaque,PASS,,
sp_crab_eating_macaque,8,Baby crab-eating macaques arrive wearing a dark coat. Their fur starts changing from black to greyish or reddish brown when they are around three months old.,https://terra-cultura.com/crab-eating-macaques-habitat-behaviour-and-ecological-role/,PASS,,
sp_crab_eating_macaque,9,"Monkey friendship can cross species. In Malaysia, researchers have seen crab-eating macaques grooming Raffles' banded langurs, almost like giving another kind of monkey a furry spa treatment.",https://en.wikipedia.org/wiki/Macaca_fascicularis,PASS,,
sp_crab_eating_macaque,10,"Crab-eating macaques can learn table manners from each other. Some wash or rub their food before eating, and youngsters may copy what older monkeys do.",https://www.worldanimalprotection.ca/blogs/5-facts-long-tailed-macaques/,PASS,,
sp_southern_pig_tailed_macaque,1,"Its short tail is usually held partly upright, making it resemble a pig’s tail, which is how the Pig-tailed Macaque got its common name.",https://en.wikipedia.org/wiki/Southern_pig-tailed_macaque,PASS,,
sp_southern_pig_tailed_macaque,2,"It has a stocky body with creamy-brown fur on its sides, darker fur along its back, pale underparts and a dark brown patch on the crown of its head.",https://www.ecologyasia.com/verts/mammals/southern-pig-tailed-macaque.htm,PASS,,
sp_southern_pig_tailed_macaque,3,It can be distinguished from the closely related Northern Pig-tailed Macaque because it does not have the diagonal facial lines that extend upward from the corners of the eyes.,https://www.ecologyasia.com/verts/mammals/southern-pig-tailed-macaque.htm,PASS,,
sp_southern_pig_tailed_macaque,4,"Southern Pig-tailed Macaques are active during the day and spend about half of their daily activity on the ground, although they are also skilled tree climbers.",https://neprimateconservancy.org/southern-pig-tailed-macaque/,PASS,,
sp_southern_pig_tailed_macaque,5,"They can live in large groups, but the group often splits into smaller groups of about 2–6 individuals while searching for food and comes back together later.",https://neprimateconservancy.org/southern-pig-tailed-macaque/,PASS,,
sp_southern_pig_tailed_macaque,6,"They are omnivores, but most of their diet is plant-based and includes fruits, shoots, leaves, flowers, fungi and bark, along with insects and other small animals.",https://neprimateconservancy.org/southern-pig-tailed-macaque/,PASS,,
sp_southern_pig_tailed_macaque,7,"Their colour vision helps them distinguish red from green, which makes it easier to find ripe red or orange fruits among green leaves.",https://neprimateconservancy.org/southern-pig-tailed-macaque/,PASS,,
sp_southern_pig_tailed_macaque,8,"They communicate using many sounds, including coos, barks, grunts and screams, and can combine these sounds with facial expressions.",https://neprimateconservancy.org/southern-pig-tailed-macaque/,PASS,,
sp_southern_pig_tailed_macaque,9,"In the 19th century, “bruh” was a native name used by Malays in Sumatra for the Southern Pig-tailed Macaque.",https://en.wikipedia.org/wiki/Southern_pig-tailed_macaque,PASS,,
sp_southern_pig_tailed_macaque,10,"A mother usually gives birth to one baby after a pregnancy of about six months, and newborns have black fur that gradually changes to their adult colouring as they grow.",https://neprimateconservancy.org/southern-pig-tailed-macaque/,PASS,,
sp_sooty_capped_babbler,1,"The Sooty-capped Babbler is a small bird, measuring about 15.5–17 cm long.","https://birdsoftheworld.org/bow/species/socbab1/cur/introduction
https://ebird.org/species/socbab1",PASS,,
sp_sooty_capped_babbler,2,"It has a dark brown or blackish cap, olive-brown upperparts, a dull chestnut tail and whitish underparts.","https://birdsoftheworld.org/bow/species/socbab1/cur/introduction
https://ebird.org/species/socbab1",PASS,,
sp_sooty_capped_babbler,3,Male and female Sooty-capped Babblers look very similar to each other.,https://birdsoftheworld.org/bow/species/socbab1/cur/introduction,PASS,,
sp_sooty_capped_babbler,4,"It mainly eats small insects, including ants, beetles and caterpillars.","https://birdsoftheworld.org/bow/species/socbab1/cur/introduction
https://en.wikipedia.org/wiki/Sooty-capped_babbler",PASS,,
sp_sooty_capped_babbler,5,"It often searches for food in pairs or small groups, picking insects from leaves and other vegetation.",https://birdsoftheworld.org/bow/species/socbab1/cur/introduction,PASS,,
sp_sooty_capped_babbler,6,Its song consists of clear whistles that can move up and down in pitch and may sound surprisingly human-like.,"https://birdsoftheworld.org/bow/species/socbab1/cur/introduction
https://ebird.org/species/socbab1",PASS,,
sp_sooty_capped_babbler,7,"It can join mixed-species flocks, travelling and feeding alongside other kinds of forest birds.",https://birdsoftheworld.org/bow/species/socbab1/cur/introduction,PASS,,
sp_sooty_capped_babbler,8,"It can live along forest edges and tracks and has also been recorded in peat-swamp forest, selectively logged forest and overgrown plantations.",https://birdsoftheworld.org/bow/species/socbab1/cur/introduction,PASS,,
sp_sooty_capped_babbler,9,"It is a resident bird, meaning it normally stays within the same region throughout the year instead of making long seasonal migrations.",https://birdsoftheworld.org/bow/species/socbab1/cur/introduction,PASS,,
sp_sooty_capped_babbler,10,"Its nest is a shallow cup made from materials such as dead leaves, twigs and plant fibres, and a recorded clutch contains two eggs.",https://birdsoftheworld.org/bow/species/socbab1/cur/introduction,PASS,,
sp_yellow_throated_marten,1,"The Yellow-throated Marten has a striking multicoloured coat, combining yellow or golden fur with dark brown or black areas on its body and tail.",https://www.ecologyasia.com/verts/mammals/yellow-throated-marten.htm,PASS,,
sp_yellow_throated_marten,2,"Its body is about 45–65 cm long, while its thick tail can add another 37–45 cm.",https://www.ecologyasia.com/verts/mammals/yellow-throated-marten.htm,PASS,,
sp_yellow_throated_marten,3,"It has a small head with a pointed muzzle, rounded ears, an elongated body and powerful hind legs.",https://www.ecologyasia.com/verts/mammals/yellow-throated-marten.htm,PASS,,
sp_yellow_throated_marten,4,"It moves with a fast, bounding gait that can look similar to the movement of a large squirrel.",https://www.ecologyasia.com/verts/mammals/yellow-throated-marten.htm,PASS,,
sp_yellow_throated_marten,5,It is mainly active during the daytime.,https://www.ecologyasia.com/verts/mammals/yellow-throated-marten.htm,PASS,,
sp_yellow_throated_marten,6,"Yellow-throated Martens are comfortable both on the ground and in trees, making them both terrestrial and arboreal.",https://www.ecologyasia.com/verts/mammals/yellow-throated-marten.htm,PASS,,
sp_yellow_throated_marten,7,"Their varied diet includes squirrels, reptiles, insects, fruits and berries, and they are even reported to enjoy honey.",https://www.ecologyasia.com/verts/mammals/yellow-throated-marten.htm,PASS,,
sp_yellow_throated_marten,8,They have been seen eating bees directly at the entrances of bee nests.,https://www.ecologyasia.com/verts/mammals/yellow-throated-marten.htm,PASS,,
sp_yellow_throated_marten,9,"They are usually seen alone, although small family groups can sometimes travel together.",https://www.ecologyasia.com/verts/mammals/yellow-throated-marten.htm,PASS,,
sp_yellow_throated_marten,10,"They can live in both lowland and mountain forests and have been recorded at elevations of up to about 3,000 metres.",https://www.ecologyasia.com/verts/mammals/yellow-throated-marten.htm,PASS,,
sp_bornean_yellow_muntjac,1,The Bornean Yellow Muntjac is found naturally only on the island of Borneo.,"https://en.wikipedia.org/wiki/Bornean_yellow_muntjac
https://animaldiversity.org/accounts/Muntiacus_atherodes/",PASS,,
sp_bornean_yellow_muntjac,2,"Its fur is usually yellowish-orange, becoming paler or whitish on the belly and underside of the throat.",https://animaldiversity.org/accounts/Muntiacus_atherodes/,PASS,,
sp_bornean_yellow_muntjac,3,It measures about 90–100 cm long and usually weighs around 13–18 kg.,https://animaldiversity.org/accounts/Muntiacus_atherodes/,PASS,,
sp_bornean_yellow_muntjac,4,"Adult males have short, straight antlers without branches, unlike the Red Muntjac whose antlers have a small branch near the base.",https://www.ecologyasia.com/verts/mammals/bornean-yellow-muntjac.htm,PASS,,
sp_bornean_yellow_muntjac,5,Male Bornean Yellow Muntjacs also have enlarged upper canine teeth that curve outward from the mouth like small tusks.,https://animaldiversity.org/accounts/Muntiacus_atherodes/,PASS,,
sp_bornean_yellow_muntjac,6,"Females do not have antlers; instead, they have small bony knobs with tufts of hair on their heads.",https://animaldiversity.org/accounts/Muntiacus_atherodes/,PASS,,
sp_bornean_yellow_muntjac,7,"Newborn fawns have rows of white spots on their backs, and the spots remain until they grow to about half their adult size.",https://animaldiversity.org/accounts/Muntiacus_atherodes/,PASS,,
sp_bornean_yellow_muntjac,8,"Unlike the Red Muntjac, the Bornean Yellow Muntjac lacks the dark eyebrow-like frontal tufts above its eyes.",https://www.ecologyasia.com/verts/mammals/bornean-yellow-muntjac.htm,PASS,,
sp_bornean_yellow_muntjac,9,"It can live in moist forests, low hills, coastal areas and dense vegetation, and it is usually found relatively close to water.",https://animaldiversity.org/accounts/Muntiacus_atherodes/,PASS,,
sp_bornean_yellow_muntjac,10,"Bornean Yellow Muntjacs can live in the same forests as the larger Red Muntjac, even though the two are separate species.",https://www.ecologyasia.com/verts/mammals/bornean-yellow-muntjac.htm,PASS,,
sp_ashy_tailorbird,1,"The Ashy Tailorbird is a very small bird, measuring about 11–11.5 cm long.",https://singaporebirds.com/species/ashy-tailorbird,PASS,,
sp_ashy_tailorbird,2,"It has a grey body with a distinctive rufous-orange forehead, crown and area around the eyes.",https://singaporebirds.com/species/ashy-tailorbird,PASS,,
sp_ashy_tailorbird,3,Females are paler than males and have a white chin and throat instead of the male’s rufous-chestnut colouring.,https://en.wikipedia.org/wiki/Ashy_tailorbird,PASS,,
sp_ashy_tailorbird,4,Young Ashy Tailorbirds look different from adults: they lack the reddish colour on the head and have olive-green upperparts.,https://en.wikipedia.org/wiki/Ashy_tailorbird,PASS,,
sp_ashy_tailorbird,5,They often search for food in pairs or small family groups rather than always feeding alone.,https://en.wikipedia.org/wiki/Ashy_tailorbird,PASS,,
sp_ashy_tailorbird,6,"Their food includes small insects such as ants, caterpillars, flies and beetles.",https://en.wikipedia.org/wiki/Ashy_tailorbird,PASS,,
sp_ashy_tailorbird,7,"They can live in several habitats, including mangroves, coastal forests, secondary forests and even gardens.",https://en.wikipedia.org/wiki/Ashy_tailorbird,PASS,,
sp_ashy_tailorbird,8,"To build its nest, the Ashy Tailorbird pierces the edges of a large leaf and “stitches” them together using plant fibres or spiderweb.",https://en.wikipedia.org/wiki/Ashy_tailorbird,PASS,,
sp_ashy_tailorbird,9,"Its nest is usually built very low, no more than about 1 metre above the ground, and normally contains two or three eggs.",https://en.wikipedia.org/wiki/Ashy_tailorbird,PASS,,
sp_ashy_tailorbird,10,"The Plaintive Cuckoo can lay its egg in an Ashy Tailorbird’s nest, leaving the tailorbird to care for the cuckoo chick.",https://en.wikipedia.org/wiki/Ashy_tailorbird,PASS,,
sp_masked_palm_civet,1,"A Masked Palm Civet can have a head-and-body length of about 51–76 cm, with a tail that can be almost as long as its body.",https://www.ecologyasia.com/verts/mammals/masked-palm-civet.htm,PASS,,
sp_masked_palm_civet,2,"Its face has a dark mask with pale markings, including a pale stripe that can run from the nose between the eyes towards the top of the head.","https://www.ecologyasia.com/verts/mammals/masked-palm-civet.htm
https://animaldiversity.org/accounts/Paguma_larvata/",PASS,,
sp_masked_palm_civet,3,"Unlike many other civets, its body does not have spots or stripes, although its fur colour can range from pale brown to dark brown or reddish-brown.",https://www.ecologyasia.com/verts/mammals/masked-palm-civet.htm,PASS,,
sp_masked_palm_civet,4,"It is mainly nocturnal, meaning it is most active at night.","https://www.ecologyasia.com/verts/mammals/masked-palm-civet.htm
https://animaldiversity.org/accounts/Paguma_larvata/",PASS,,
sp_masked_palm_civet,5,"Masked Palm Civets are good climbers but also travel on the ground, so they can move both through trees and across the forest floor.",https://www.ecologyasia.com/verts/mammals/masked-palm-civet.htm,PASS,,
sp_masked_palm_civet,6,"During the day, they often sleep high in trees, and studies found that more than 80% of their daytime resting places were in trees.",https://animaldiversity.org/accounts/Paguma_larvata/,PASS,,
sp_masked_palm_civet,7,"Fruit makes up much of their diet, including figs, mangoes and bananas, but they can also eat small mammals, birds, frogs, snakes, snails and crabs.",https://www.ecologyasia.com/verts/mammals/masked-palm-civet.htm,PASS,,
sp_masked_palm_civet,8,"When threatened, glands near the rear of the body can release a powerful-smelling secretion that helps discourage predators.",https://animaldiversity.org/accounts/Paguma_larvata/,PASS,,
sp_masked_palm_civet,9,"A female can have 1–4 young, and the babies open their eyes when they are about nine days old.",https://animaldiversity.org/accounts/Paguma_larvata/,PASS,,
sp_masked_palm_civet,10,Masked Palm Civets help forests by spreading seeds in their droppings after eating fruit.,https://animaldiversity.org/accounts/Paguma_larvata/,PASS,,
sp_leopard,1,A leopard’s coat is covered with dark markings called rosettes because many of them look like the shape of a rose.,"https://www.nationalgeographic.com/animals/mammals/facts/leopard
https://en.wikipedia.org/wiki/Leopard",PASS,,
sp_leopard,2,"Some leopards have so much dark pigment that they appear almost black; these are commonly called black panthers, although their rosettes can still sometimes be seen.","https://bigcatrescue.org/conservation-news/leopard-facts
https://www.nationalgeographic.com/animals/mammals/facts/leopard",PASS,,
sp_leopard,3,Leopards are excellent climbers and can carry large prey up into trees to keep it away from scavengers such as hyenas.,"https://www.nationalgeographic.com/animals/mammals/facts/leopard
https://bigcatrescue.org/conservation-news/leopard-facts",PASS,,
sp_leopard,4,They are powerful jumpers and can leap about 6 metres horizontally and around 3 metres vertically.,https://bigcatrescue.org/conservation-news/leopard-facts,PASS,,
sp_leopard,5,Leopards are also strong swimmers and may enter the water to catch animals such as fish or crabs.,https://www.nationalgeographic.com/animals/mammals/facts/leopard,PASS,,
sp_leopard,6,They usually hunt by quietly stalking their prey and then attacking from close range rather than chasing it over long distances.,"https://www.nationalgeographic.com/animals/mammals/facts/leopard
https://en.wikipedia.org/wiki/Leopard",PASS,,
sp_leopard,7,Leopards have an extremely varied diet and can hunt animals ranging from small creatures to antelopes larger than themselves.,,PASS,,
sp_leopard,8,Adult leopards usually live alone except when mating or when a mother is caring for her cubs.,https://www.nationalgeographic.com/animals/mammals/facts/leopard,PASS,,
sp_leopard,9,A leopard’s long tail helps it balance while climbing trees and moving along branches.,https://bigcatrescue.org/conservation-news/leopard-facts,PASS,,
sp_leopard,10,Female leopards hide their cubs in safe places and may move them from one hiding spot to another while they are still young.,https://www.nationalgeographic.com/animals/mammals/facts/leopard,PASS,,
sp_common_palm_civet,1,"Its greyish-brown body usually has three dark stripes along the back, black spots on the sides, and a dark mask across the face.","https://www.nparks.gov.sg/florafaunaweb/fauna/4/7/477
https://www.ecologyasia.com/verts/mammals/common_palm_civet.htm",PASS,,
sp_common_palm_civet,2,Its tail is almost as long as its body and does not have rings like the tails of some other mammals.,"https://www.nparks.gov.sg/florafaunaweb/fauna/4/7/477
https://en.wikipedia.org/wiki/Asian_palm_civet",PASS,,
sp_common_palm_civet,3,"It is mainly nocturnal, meaning it is most active at night.","https://www.nparks.gov.sg/florafaunaweb/fauna/4/7/477
https://www.ecologyasia.com/verts/mammals/common_palm_civet.htm",PASS,,
sp_common_palm_civet,4,It is a skilled climber and spends much of its time in trees and other high places.,https://www.nparks.gov.sg/florafaunaweb/fauna/4/7/477,PASS,,
sp_common_palm_civet,5,Adult Common Palm Civets usually live alone rather than travelling in groups.,https://www.nparks.gov.sg/florafaunaweb/fauna/4/7/477,PASS,,
sp_common_palm_civet,6,"Fruit forms an important part of its diet, but it also eats insects and small animals.",https://www.nparks.gov.sg/florafaunaweb/fauna/4/7/477,PASS,,
sp_common_palm_civet,7,"It is particularly attracted to fruits such as mangoes, and in Singapore it commonly eats Fishtail Palm fruits.","https://www.nparks.gov.sg/florafaunaweb/fauna/4/7/477
https://www.ecologyasia.com/verts/mammals/common_palm_civet.htm",PASS,,
sp_common_palm_civet,8,It can adapt to living close to people and may even use the roof spaces of buildings as shelter.,"https://www.nparks.gov.sg/florafaunaweb/fauna/4/7/477
https://www.ecologyasia.com/verts/mammals/common_palm_civet.htm",PASS,,
sp_common_palm_civet,9,"When threatened or upset, scent glands near its rear can release a very strong-smelling secretion as a chemical defence.",https://en.wikipedia.org/wiki/Asian_palm_civet,PASS,,
sp_common_palm_civet,10,It can rest or raise its young inside hollow trees; litters of two or three young have been reported.,https://www.ecologyasia.com/verts/mammals/common_palm_civet.htm,PASS,,
sp_marbled_cat,1,"The Marbled Cat is about the size of a large domestic cat, with a head-and-body length of up to about 53 cm and a weight of up to about 5 kg.",https://www.ecologyasia.com/verts/mammals/marbled-cat.htm,PASS,,
sp_marbled_cat,2,"Its thick, bushy tail can be as long as its head and body, helping it balance when moving through trees.","https://www.ecologyasia.com/verts/mammals/marbled-cat.htm
https://bigcatrescue.org/conservation-news/marbled-cat-facts",PASS,,
sp_marbled_cat,3,"Its coat has large, dark-edged blotches and wavy markings that create the “marbled” pattern that gives the cat its name.","https://www.ecologyasia.com/verts/mammals/marbled-cat.htm
https://bigcatrescue.org/conservation-news/marbled-cat-facts",PASS,,
sp_marbled_cat,4,"The cat has black stripes on its head, neck and back, while its legs, belly and tail have solid dark spots.","https://bigcatrescue.org/conservation-news/marbled-cat-facts
https://en.wikipedia.org/wiki/Marbled_cat",PASS,,
sp_marbled_cat,5,"Its paws have webbing between the toes, and its claws can be completely drawn back into protective sheaths.",https://en.wikipedia.org/wiki/Marbled_cat,PASS,,
sp_marbled_cat,6,"Although Marbled Cats are excellent climbers, recent observations suggest they spend much of their activity on the ground and are mainly active during the daytime.",https://www.ecologyasia.com/verts/mammals/marbled-cat.htm,PASS,,
sp_marbled_cat,7,"They hunt small animals such as squirrels, rats and birds, and may also eat reptiles and large insects.",https://www.ecologyasia.com/verts/mammals/marbled-cat.htm,PASS,,
sp_marbled_cat,8,"They live mainly in primary and tall secondary forests, from lowlands into lower mountain areas.",https://www.ecologyasia.com/verts/mammals/marbled-cat.htm,PASS,,
sp_marbled_cat,9,"Marbled Cats have been recorded from sea level up to about 2,500 metres above sea level.","https://bigcatrescue.org/conservation-news/marbled-cat-facts
https://en.wikipedia.org/wiki/Marbled_cat",PASS,,
sp_marbled_cat,10,The Marbled Cat is closely related to the Asian Golden Cat and Borneo Bay Cat; their evolutionary branch separated from other cats millions of years ago.,https://en.wikipedia.org/wiki/Marbled_cat,PASS,,
sp_banded_leaf_monkey,1,The Banded Leaf Monkey is found naturally only in Singapore and southern Peninsular Malaysia.,https://en.wikipedia.org/wiki/Raffles%27_banded_langur,PASS,,
sp_banded_leaf_monkey,2,"Its body can grow to about 59 cm long, while its tail can reach about 76 cm—longer than its body.",https://www.ecologyasia.com/verts/mammals/raffles-banded-langur.htm,PASS,,
sp_banded_leaf_monkey,3,"Adults have dark grey-brown to almost black fur, with a paler underside, pale lips and white fur on the inner thighs.",https://www.ecologyasia.com/verts/mammals/raffles-banded-langur.htm,PASS,,
sp_banded_leaf_monkey,4,"Baby Banded Leaf Monkeys can have striking white or beige fur, making them look very different from the dark-coloured adults.",https://www.ecologyasia.com/verts/mammals/raffles-banded-langur.htm,PASS,,
sp_banded_leaf_monkey,5,"They are active during the daytime, especially in the morning and late afternoon.",https://www.ecologyasia.com/verts/mammals/raffles-banded-langur.htm,PASS,,
sp_banded_leaf_monkey,6,They spend most of their time in trees and can leap across gaps between trees.,https://www.ecologyasia.com/verts/mammals/raffles-banded-langur.htm,PASS,,
sp_banded_leaf_monkey,7,Their diet includes young leaves and forest fruits.,https://www.ecologyasia.com/verts/mammals/raffles-banded-langur.htm,PASS,,
sp_banded_leaf_monkey,8,"They usually live in small troops of up to about five or six individuals, although adult males may sometimes live alone.",https://www.ecologyasia.com/verts/mammals/raffles-banded-langur.htm,PASS,,
sp_banded_leaf_monkey,9,"When danger approaches, a male can warn the group with a loud repeated “chi-chi-chi” alarm call, causing the troop to move away.",https://www.ecologyasia.com/verts/mammals/raffles-banded-langur.htm,PASS,,
sp_banded_leaf_monkey,10,"They can live in primary forest, mature secondary forest and swamp forest.",https://www.ecologyasia.com/verts/mammals/raffles-banded-langur.htm,PASS,,
sp_white_fronted_langur,1,"The White-fronted Langur is found only on the island of Borneo, including parts of Malaysia and Indonesia.","https://en.wikipedia.org/wiki/White-fronted_surili
https://neprimateconservancy.org/white-fronted-langur/",PASS,,
sp_white_fronted_langur,2,"It gets its name from the distinctive white, roughly diamond-shaped patch on its forehead, which contrasts with its dark head and crest.",https://neprimateconservancy.org/white-fronted-langur/,PASS,,
sp_white_fronted_langur,3,Its tail is longer than its body: males have tails about 70–74 cm long while their bodies are about 50–54 cm long.,https://neprimateconservancy.org/white-fronted-langur/,PASS,,
sp_white_fronted_langur,4,Its long tail helps it balance while walking along branches and leaping across gaps between trees.,https://neprimateconservancy.org/white-fronted-langur/,PASS,,
sp_white_fronted_langur,5,"It mainly eats young leaves because they are softer and easier to digest than mature leaves, but it also eats shoots and fruits.",https://neprimateconservancy.org/white-fronted-langur/,PASS,,
sp_white_fronted_langur,6,It has a multi-chambered stomach and specialised gut bacteria that help break down the tough cellulose in leaves.,"https://en.wikipedia.org/wiki/White-fronted_surili
https://neprimateconservancy.org/white-fronted-langur/",PASS,,
sp_white_fronted_langur,7,"White-fronted Langurs have been observed eating soil from termite mounds, possibly to obtain minerals such as calcium, iron and salt.",https://neprimateconservancy.org/white-fronted-langur/,PASS,,
sp_white_fronted_langur,8,"They are active during the day and spend most of their time in trees, but may come down to the forest floor when gaps between trees are too large to cross.",https://neprimateconservancy.org/white-fronted-langur/,PASS,,
sp_white_fronted_langur,9,"When threatened, they may freeze quietly, gradually move lower through the trees and then escape through dense vegetation on the ground.",https://neprimateconservancy.org/white-fronted-langur/,PASS,,
sp_white_fronted_langur,10,"Unlike many langurs that make loud calls, White-fronted Langurs are relatively quiet and use soft vocalisations, even sometimes communicating softly at night.",https://neprimateconservancy.org/white-fronted-langur/,PASS,,
sp_hose_s_langur,1,"Hose’s Langur is found only on Borneo, including parts of Sarawak and Sabah in Malaysia, Brunei, and East Kalimantan in Indonesia.",https://neprimateconservancy.org/hoses-langur/,PASS,,
sp_hose_s_langur,2,"It has mostly grey fur, white tufts around its head and face, and darker black fur on its face, hands, feet and back.",https://en.wikipedia.org/wiki/Hose%27s_langur,PASS,,
sp_hose_s_langur,3,"It spends most of its time high in trees, especially around the middle of the forest canopy about 20 metres above the ground.",https://neprimateconservancy.org/hoses-langur/,PASS,,
sp_hose_s_langur,4,Hose’s Langurs are active during the daytime and sleep at night.,https://neprimateconservancy.org/hoses-langur/,PASS,,
sp_hose_s_langur,5,"They mainly eat young leaves because these contain fewer tannins and are easier to digest, but they also eat fruits, seeds and flowers.",https://neprimateconservancy.org/hoses-langur/,PASS,,
sp_hose_s_langur,6,"Their long, multi-chambered stomach helps them digest tough leaves and gives them a noticeable pot-bellied appearance.",https://neprimateconservancy.org/hoses-langur/,PASS,,
sp_hose_s_langur,7,They sometimes climb down from the trees to eat mineral-rich mud near salt springs.,https://neprimateconservancy.org/hoses-langur/,PASS,,
sp_hose_s_langur,8,"They usually live in groups averaging about six individuals, although groups of up to 11 have been recorded.",https://neprimateconservancy.org/hoses-langur/,PASS,,
sp_hose_s_langur,9,A group may use a home range of about 35 hectares and travel around 740 metres in a single day.,https://neprimateconservancy.org/hoses-langur/,PASS,,
sp_hose_s_langur,10,"They communicate in several ways: males use special calls to warn rival groups away, both sexes grunt when danger is nearby, and females can make chirping sounds during friendly social contact.",https://neprimateconservancy.org/hoses-langur/,PASS,,
sp_yellow_handed_mitered_langur,1,The Yellow-handed Mitered Langur is found naturally only on Sumatra and the nearby island of Pini in Indonesia.,https://neprimateconservancy.org/black-crested-sumatran-langur/,PASS,,
sp_yellow_handed_mitered_langur,2,"Its arms, legs, tail and the top of its head can range from pale buttery yellow to bronze, while its back is usually darker brown.",https://neprimateconservancy.org/black-crested-sumatran-langur/,PASS,,
sp_yellow_handed_mitered_langur,3,"It has white fur on its belly and inner thighs that extends towards the neck like a white collar, while the top of its head forms a distinctive black point.",https://neprimateconservancy.org/black-crested-sumatran-langur/,PASS,,
sp_yellow_handed_mitered_langur,4,Its face is black but is surrounded by contrasting pale pink rings around the eyes.,https://neprimateconservancy.org/black-crested-sumatran-langur/,PASS,,
sp_yellow_handed_mitered_langur,5,"It mainly eats leaves, but it also feeds on fruits, flowers and seeds.",https://neprimateconservancy.org/black-crested-sumatran-langur/,PASS,,
sp_yellow_handed_mitered_langur,6,Its multi-chambered stomach contains special bacteria that help break down the tough cellulose found in leaves.,https://neprimateconservancy.org/black-crested-sumatran-langur/,PASS,,
sp_yellow_handed_mitered_langur,7,"It spends most of its time in trees and uses its long arms and legs to leap, swing and run through forest branches.",https://neprimateconservancy.org/black-crested-sumatran-langur/,PASS,,
sp_yellow_handed_mitered_langur,8,It is active during the daytime and sleeps at night in particular sleeping trees.,https://neprimateconservancy.org/black-crested-sumatran-langur/,PASS,,
sp_yellow_handed_mitered_langur,9,"Groups usually contain about 2–8 individuals, typically with one adult male, several females and their young.",https://neprimateconservancy.org/black-crested-sumatran-langur/,PASS,,
sp_yellow_handed_mitered_langur,10,"They communicate mainly with sounds: their calls can warn others of danger or show dominance, and males give loud calls when meeting other groups.",https://neprimateconservancy.org/black-crested-sumatran-langur/,PASS,,
sp_maroon_sureli,1,A Maroon Surili can have a head-and-body length of up to about 58 cm.,https://www.ecologyasia.com/verts/mammals/red-leaf-monkey.htm,PASS,,
sp_maroon_sureli,2,"Its tail can reach about 80 cm long, making the tail noticeably longer than its body.",https://www.ecologyasia.com/verts/mammals/red-leaf-monkey.htm,PASS,,
sp_maroon_sureli,3,"Adults usually have reddish-maroon fur covering their body and tail, with grey to bluish-grey facial skin and pale lower lips.",https://www.ecologyasia.com/verts/mammals/red-leaf-monkey.htm,PASS,,
sp_maroon_sureli,4,"Babies look very different from adults: they are born with creamy or buff-coloured fur, which gradually becomes reddish as they grow.",https://www.ecologyasia.com/verts/mammals/red-leaf-monkey.htm,PASS,,
sp_maroon_sureli,5,"Their food includes fresh leaves, seeds, fruits and flowers.",https://www.ecologyasia.com/verts/mammals/red-leaf-monkey.htm,PASS,,
sp_maroon_sureli,6,"Some populations specialise in eating large, dry forest seeds and switch to young leaves, flowers and fleshy fruits when those seeds are unavailable.",https://www.ecologyasia.com/verts/mammals/red-leaf-monkey.htm,PASS,,
sp_maroon_sureli,7,"They have been seen eating soil from termite mounds in trees, possibly to obtain minerals or help reduce stomach acidity.",https://www.ecologyasia.com/verts/mammals/red-leaf-monkey.htm,PASS,,
sp_maroon_sureli,8,They can live in both primary and secondary forests and can also adapt reasonably well to regenerating forests that have previously been logged.,https://www.ecologyasia.com/verts/mammals/red-leaf-monkey.htm,PASS,,
sp_maroon_sureli,9,"Maroon Surilis can live from lowland forests up to elevations of around 2,000 metres.",https://www.ecologyasia.com/verts/mammals/red-leaf-monkey.htm,PASS,,
sp_maroon_sureli,10,"They are widespread across Borneo, occurring in Sabah and Sarawak in Malaysia, Brunei and Kalimantan in Indonesia.","https://www.ecologyasia.com/verts/mammals/red-leaf-monkey.htm
https://www.mybis.gov.my/sp/20356",PASS,,
sp_black_giant_squirrel,1,"The Black Giant Squirrel is one of the largest squirrels in the world, with a body up to about 40 cm long and a tail that can reach about 50 cm.",https://www.ecologyasia.com/verts/mammals/black-giant_squirrel.htm,PASS,,
sp_black_giant_squirrel,2,"Its upper body and bushy tail are usually deep brown or black, while its cheeks, chest and underparts are much paler, ranging from cream to orange.",https://www.ecologyasia.com/verts/mammals/black-giant_squirrel.htm,PASS,,
sp_black_giant_squirrel,3,"Unlike many squirrels whose tails curl over their backs, the Black Giant Squirrel’s long tail usually hangs behind it.",https://animaldiversity.org/accounts/Ratufa_bicolor/,PASS,,
sp_black_giant_squirrel,4,It spends most of its life high in the forest canopy and rarely comes down to the ground.,"https://www.ecologyasia.com/verts/mammals/black-giant_squirrel.htm
https://animaldiversity.org/accounts/Ratufa_bicolor/",PASS,,
sp_black_giant_squirrel,5,"Despite its large size, it can make impressive leaps from branch to branch high in the trees.",https://www.ecologyasia.com/verts/mammals/black-giant_squirrel.htm,PASS,,
sp_black_giant_squirrel,6,"It is active during the daytime and usually lives alone, although pairs or small groups may sometimes be seen during the breeding season.",https://animaldiversity.org/accounts/Ratufa_bicolor/,PASS,,
sp_black_giant_squirrel,7,"Its diet includes fruits, seeds and young leaves, but it may also eat insects and occasionally bird eggs.",https://www.ecologyasia.com/verts/mammals/black-giant_squirrel.htm,PASS,,
sp_black_giant_squirrel,8,"It builds a large, round nest from leaves and twigs high in the tree canopy; one nest in Penang was estimated to be about 80 cm across.",https://www.ecologyasia.com/verts/mammals/black-giant_squirrel.htm,PASS,,
sp_black_giant_squirrel,9,"A female usually gives birth to only one or two young, which are nursed for about five weeks.",https://animaldiversity.org/accounts/Ratufa_bicolor/,PASS,,
sp_black_giant_squirrel,10,"By eating fruits and nuts and carrying their seeds, Black Giant Squirrels help spread the seeds of forest trees.",https://animaldiversity.org/accounts/Ratufa_bicolor/,PASS,,
sp_tufted_ground_squirrel,1,The Tufted Ground Squirrel is found naturally only on the island of Borneo.,"https://en.wikipedia.org/wiki/Tufted_ground_squirrel
https://animalia.bio/tufted-ground-squirrel#google_vignette",PASS,,
sp_tufted_ground_squirrel,2,"Its body measures about 33.5–35.2 cm long, while its tail is about 29.9–34.2 cm long.","https://en.wikipedia.org/wiki/Tufted_ground_squirrel
https://animalia.bio/tufted-ground-squirrel#google_vignette",PASS,,
sp_tufted_ground_squirrel,3,Its front teeth are unusual because each incisor has about 7–10 grooves running lengthwise along it.,"https://en.wikipedia.org/wiki/Tufted_ground_squirrel
https://animalia.bio/tufted-ground-squirrel#google_vignette",PASS,,
sp_tufted_ground_squirrel,4,Its skull is longer and flatter than the skulls of most other squirrels.,"https://en.wikipedia.org/wiki/Tufted_ground_squirrel
https://animalia.bio/tufted-ground-squirrel#google_vignette",PASS,,
sp_tufted_ground_squirrel,5,It has very hairy ears with large reddish to dark-brown tufts.,https://animalia.bio/tufted-ground-squirrel#google_vignette,PASS,,
sp_tufted_ground_squirrel,6,"A pale stripe, ranging from white to yellowish, runs along each side of its reddish-brown body.","https://en.wikipedia.org/wiki/Tufted_ground_squirrel
https://animalia.bio/tufted-ground-squirrel#google_vignette",PASS,,
sp_tufted_ground_squirrel,7,Its enormous fluffy tail has the largest known tail-to-body volume ratio of any mammal. The tail’s volume can be about 130% of the volume of its body.,"https://en.wikipedia.org/wiki/Tufted_ground_squirrel
https://animalia.bio/tufted-ground-squirrel#google_vignette",PASS,,
sp_tufted_ground_squirrel,8,Scientists are still unsure why its tail is so huge; ideas include distracting predators or helping the squirrels communicate or attract mates.,"https://en.wikipedia.org/wiki/Tufted_ground_squirrel
https://animalia.bio/tufted-ground-squirrel#google_vignette",PASS,,
sp_tufted_ground_squirrel,9,"It searches for food mainly on the forest floor and lower parts of the forest, but it can also climb high into trees. It appears to be active during the daytime.",https://en.wikipedia.org/wiki/Tufted_ground_squirrel,PASS,,
sp_tufted_ground_squirrel,10,"The Tufted Ground Squirrel mainly lives on hillsides in lowland primary forest below about 1,100 metres, although it has occasionally been seen in orchards and secondary forest.",https://en.wikipedia.org/wiki/Tufted_ground_squirrel,PASS,,
sp_shrew_faced_squirrel,1,A Shrew-faced Squirrel weighs about 187–255 g.,https://animalia.bio/shrew-faced-squirrel/1000,PASS,,
sp_shrew_faced_squirrel,2,"Its head and body are about 23 cm long, while its bushy tail is about 17 cm long.",https://www.ecologyasia.com/verts/mammals/shrew-faced-ground-squirrel.htm,PASS,,
sp_shrew_faced_squirrel,3,Its fur is brown on the upper body and pale buff to white underneath.,https://www.ecologyasia.com/verts/mammals/shrew-faced-ground-squirrel.htm,PASS,,
sp_shrew_faced_squirrel,4,"Its long, pointed snout makes it look similar to a Common Treeshrew, but the squirrel has a shorter mouth opening and a shorter, bushier tail.","https://en.wikipedia.org/wiki/Shrew-faced_squirrel
https://www.ecologyasia.com/verts/mammals/shrew-faced-ground-squirrel.htm",PASS,,
sp_shrew_faced_squirrel,5,"Unlike many squirrels that spend much of their time in trees, the Shrew-faced Squirrel mainly lives and searches for food on the forest floor.","https://animalia.bio/shrew-faced-squirrel/1000
https://www.ecologyasia.com/verts/mammals/shrew-faced-ground-squirrel.htm",PASS,,
sp_shrew_faced_squirrel,6,It is a secretive squirrel that is rarely seen in the wild.,https://www.ecologyasia.com/verts/mammals/shrew-faced-ground-squirrel.htm,PASS,,
sp_shrew_faced_squirrel,7,"It is most active around early morning and late afternoon, a behaviour known as being crepuscular.",https://www.ecologyasia.com/verts/mammals/shrew-faced-ground-squirrel.htm,PASS,,
sp_shrew_faced_squirrel,8,"Its food includes ants, termites, earthworms and beetles.",https://www.ecologyasia.com/verts/mammals/shrew-faced-ground-squirrel.htm,PASS,,
sp_shrew_faced_squirrel,9,"It has unusually small upper front teeth and a very long tongue, which help it feed on insects and other small creatures.",https://www.ecologyasia.com/verts/mammals/shrew-faced-ground-squirrel.htm,PASS,,
sp_shrew_faced_squirrel,10,"It lives in forests across Peninsular Malaysia, Sumatra and Borneo, with records also from Singapore and southern Thailand.","https://www.ecologyasia.com/verts/mammals/shrew-faced-ground-squirrel.htm
https://animalia.bio/shrew-faced-squirrel/1000",PASS,,
sp_sunda_pied_fantail,1,"The Sunda Pied Fantail is a small bird, measuring about 17.5–19.5 cm long.",https://singaporebirds.com/species/sunda-pied-fantail,PASS,,
sp_sunda_pied_fantail,2,"It has a blackish head, a small white eyebrow, a white throat, a black band across the chest, greyish-brown upperparts and a white belly.",https://singaporebirds.com/species/sunda-pied-fantail,PASS,,
sp_sunda_pied_fantail,3,"Its dark tail has broad white tips on the outer feathers, while the four feathers in the centre do not have white tips.",https://singaporebirds.com/species/sunda-pied-fantail,PASS,,
sp_sunda_pied_fantail,4,It is a very active bird that frequently bobs and spreads its tail into a fan while moving around.,https://ebird.org/species/piefan1,PASS,,
sp_sunda_pied_fantail,5,"It catches insects by suddenly flying out from a perch to grab them, a hunting technique known as “sallying.”",https://singaporebirds.com/species/sunda-pied-fantail,PASS,,
sp_sunda_pied_fantail,6,Sunda Pied Fantails sometimes join mixed-species feeding flocks and search for food alongside other insect-eating birds.,"https://ebird.org/species/piefan1
https://en.wikipedia.org/wiki/Sunda_pied_fantail",PASS,,
sp_sunda_pied_fantail,7,They sometimes follow large mammals and catch insects that are disturbed and flushed out as the mammals move.,,PASS,,
sp_sunda_pied_fantail,8,"Their song is a very high-pitched series of squeaky notes, and they can also make harsh churring and squeaky chattering calls.",https://ebird.org/species/piefan1,PASS,,
sp_sunda_pied_fantail,9,"They can live in forests, gardens, scrubland and mangroves, and are often found near water.",https://singaporebirds.com/species/sunda-pied-fantail,PASS,,
sp_sunda_pied_fantail,10,"They build a cup-shaped nest from grasses and plant fibres, using spiderweb to hold the materials together.",https://en.wikipedia.org/wiki/Sunda_pied_fantail,PASS,,
sp_indomalayan_bamboo_rat,1,"An Indomalayan Bamboo Rat can grow about 30–45 cm long, with a tail around 20 cm long, and can weigh about 1–3 kg.",https://en.wikipedia.org/wiki/Large_bamboo_rat,PASS,,
sp_indomalayan_bamboo_rat,2,It is larger than the other species in the genus Rhizomys and also has a proportionally longer tail.,https://en.wikipedia.org/wiki/Large_bamboo_rat,PASS,,
sp_indomalayan_bamboo_rat,3,It has a distinctive triangular patch of dark fur on the top of its head.,https://en.wikipedia.org/wiki/Large_bamboo_rat,PASS,,
sp_indomalayan_bamboo_rat,4,"Its short tail is only sparsely covered with hair and has soft, wrinkled skin rather than scales.",https://en.wikipedia.org/wiki/Large_bamboo_rat,PASS,,
sp_indomalayan_bamboo_rat,5,"It has a broad head, a plump body, short legs and strong claws that suit a ground-dwelling lifestyle.",https://en.wikipedia.org/wiki/Large_bamboo_rat,PASS,,
sp_indomalayan_bamboo_rat,6,"Its natural food includes bamboo shoots, roots and other underground parts of plants.","https://animalia.bio/large-bamboo-rat#google_vignette
https://en.wikipedia.org/wiki/Large_bamboo_rat",PASS,,
sp_indomalayan_bamboo_rat,7,It may also feed on crops such as tapioca and sugarcane.,"https://animalia.bio/large-bamboo-rat#google_vignette
https://en.wikipedia.org/wiki/Large_bamboo_rat",PASS,,
sp_indomalayan_bamboo_rat,8,A female can have a litter of about 3–5 young after a pregnancy lasting at least 22 days.,https://en.wikipedia.org/wiki/Large_bamboo_rat,PASS,,
sp_indomalayan_bamboo_rat,9,The babies begin growing fur when they are about 10–13 days old and open their eyes at around 24 days old.,https://en.wikipedia.org/wiki/Large_bamboo_rat,PASS,,
sp_indomalayan_bamboo_rat,10,"Young bamboo rats may continue nursing for 1–3 months, and individuals kept in captivity have lived for about four years.",https://en.wikipedia.org/wiki/Large_bamboo_rat,PASS,,
sp_northern_treeshrew,1,"A Northern Treeshrew’s head and body measure about 14–23 cm long, and its tail is roughly the same length as its body.",https://nationalzoo.si.edu/animals/northern-tree-shrew,PASS,,
sp_northern_treeshrew,2,"It has greyish-olive fur, a long pointed snout and a bushy tail, giving it a squirrel-like appearance even though it is not a squirrel.","https://nationalzoo.si.edu/animals/northern-tree-shrew
https://animaldiversity.org/accounts/Tupaia_belangeri/",PASS,,
sp_northern_treeshrew,3,"Northern Treeshrews are active during the daytime and are usually found on or near the ground, although they climb trees more often when food on the forest floor becomes scarce.",https://nationalzoo.si.edu/animals/northern-tree-shrew,PASS,,
sp_northern_treeshrew,4,They mark their territories using scent glands on their abdomen and chin.,https://nationalzoo.si.edu/animals/northern-tree-shrew,PASS,,
sp_northern_treeshrew,5,"Their wild diet consists mainly of insects, especially beetles, along with fruit.","https://nationalzoo.si.edu/animals/northern-tree-shrew
https://animaldiversity.org/accounts/Tupaia_belangeri/",PASS,,
sp_northern_treeshrew,6,"Northern Treeshrews have been shown to willingly eat spicy foods because a genetic change makes them much less sensitive to capsaicin, the chemical that makes chilli peppers feel hot.",https://en.wikipedia.org/wiki/Northern_treeshrew,PASS,,
sp_northern_treeshrew,7,Their body temperature can change from about 35°C at night to about 40°C during the day.,https://en.wikipedia.org/wiki/Northern_treeshrew,PASS,,
sp_northern_treeshrew,8,"They can make at least eight different types of sounds, including calls used for alarm, attention, contact and defence.",https://animaldiversity.org/accounts/Tupaia_belangeri/,PASS,,
sp_northern_treeshrew,9,"Northern Treeshrews have an unusual relationship with pitcher plants: they lick nectar from the plant and leave droppings inside the pitcher, which the plant uses as nutrients.",https://nationalzoo.si.edu/animals/northern-tree-shrew,PASS,,
sp_northern_treeshrew,10,Mothers usually have two babies and show unusual parenting: they may visit the young only once every two days to nurse them for about five minutes.,https://nationalzoo.si.edu/animals/northern-tree-shrew,PASS,,
sp_common_treeshrew,1,"The Common Treeshrew is one of the larger treeshrews, with a body about 16–21 cm long and an average weight of around 190 g. Its bushy tail is almost as long as its body.",https://en.wikipedia.org/wiki/Common_treeshrew,PASS,,
sp_common_treeshrew,2,"Its fur can vary from reddish-brown to greyish or dark brown, but it usually has a narrow pale stripe on each shoulder.","https://en.wikipedia.org/wiki/Common_treeshrew
https://www.ecologyasia.com/verts/mammals/common_treeshrew.htm",PASS,,
sp_common_treeshrew,3,It is active during the daytime and spends much of its time searching for food on the forest floor or among low vegetation and fallen branches.,"https://www.ecologyasia.com/verts/mammals/common_treeshrew.htm
https://animaldiversity.org/accounts/Tupaia_glis/",PASS,,
sp_common_treeshrew,4,"Common Treeshrews move quickly through the forest undergrowth with short, jerky movements while searching for food.",https://animaldiversity.org/accounts/Tupaia_glis/,PASS,,
sp_common_treeshrew,5,"They are omnivores that eat insects, fruit and leaves, and they have even been observed eating small vertebrates.",https://animaldiversity.org/accounts/Tupaia_glis/,PASS,,
sp_common_treeshrew,6,"When hunting, they often use their long snout to capture prey, but they can use their front paws to grab flying insects or food that is just out of reach.",https://animaldiversity.org/accounts/Tupaia_glis/,PASS,,
sp_common_treeshrew,7,"When eating fruit, they can discard much of the fibre before swallowing it, helping the fruit pass through their digestive system more quickly.",https://animaldiversity.org/accounts/Tupaia_glis/,PASS,,
sp_common_treeshrew,8,"They communicate using scent by rubbing glands on their chest and abdomen against objects, and they can also mark their territory with urine and droppings.",https://animaldiversity.org/accounts/Tupaia_glis/,PASS,,
sp_common_treeshrew,9,"A family can share and defend the same home range, but individuals usually spread out and search for food independently during the day.",https://animaldiversity.org/accounts/Tupaia_glis/,PASS,,
sp_common_treeshrew,10,"Baby Common Treeshrews are born very underdeveloped: their eyes begin opening at about 20 days old, and they can leave the nest at around 36 days old.",https://animaldiversity.org/accounts/Tupaia_glis/,PASS,,
sp_large_treeshrew,1,"The Large Treeshrew is native to Sumatra and nearby islands, as well as the lowlands and hills of Borneo.",https://en.wikipedia.org/wiki/Large_treeshrew,PASS,,
sp_large_treeshrew,2,"It averages about 22 cm in head-and-body length and weighs around 198 g, with an unusually long snout compared with other treeshrews.",https://animaldiversity.org/accounts/Tupaia_tana/,PASS,,
sp_large_treeshrew,3,"Its dark brown back has a black stripe running down the middle, while each shoulder has a yellow stripe and its underside is reddish-orange.",https://animaldiversity.org/accounts/Tupaia_tana/,PASS,,
sp_large_treeshrew,4,It is the most ground-dwelling of all treeshrew species and spends most of its foraging time on the forest floor.,https://animaldiversity.org/accounts/Tupaia_tana/,PASS,,
sp_large_treeshrew,5,Large Treeshrews are active during the daytime and usually live alone rather than travelling in groups.,https://animaldiversity.org/accounts/Tupaia_tana/,PASS,,
sp_large_treeshrew,6,"They use their claws to dig beneath the top layer of soil and their long snouts to search for foods such as earthworms, centipedes, millipedes and beetle larvae.",https://animaldiversity.org/accounts/Tupaia_tana/,PASS,,
sp_large_treeshrew,7,"When eating fruit, they may suck out the juice and spit out tough fibres, seeds and other plant material instead of swallowing everything.",https://animaldiversity.org/accounts/Tupaia_tana/,PASS,,
sp_large_treeshrew,8,They mark their territories with scents produced by glands on their chin and near their rear.,https://animaldiversity.org/accounts/Tupaia_tana/,PASS,,
sp_large_treeshrew,9,They use different alarm sounds depending on distance: they may chatter when danger is close but whistle when danger is farther away.,https://animaldiversity.org/accounts/Tupaia_tana/,PASS,,
sp_large_treeshrew,10,Mothers have an unusual parenting style: they may visit their babies only every other day and nurse them for less than five minutes at a time.,https://animaldiversity.org/accounts/Tupaia_tana/,PASS,,
sp_roughneck_monitor,1,The Roughneck Monitor can grow to about 1.3–1.5 metres in total length.,"https://animalia.bio/roughneck-monitor-lizard#google_vignette
https://www.ecologyasia.com/verts/lizards/rough-necked-monitor.htm",PASS,,
sp_roughneck_monitor,2,"It gets its name from the large, pointed scales on the back of its neck, which have strong raised ridges.","https://animalia.bio/roughneck-monitor-lizard#google_vignette
https://www.ecologyasia.com/verts/lizards/rough-necked-monitor.htm",PASS,,
sp_roughneck_monitor,3,"It has a long, pointed snout and a strong ridge above each eye.",https://www.ecologyasia.com/verts/lizards/rough-necked-monitor.htm,PASS,,
sp_roughneck_monitor,4,"Adults are mainly dark grey with yellowish bands and markings, while young Roughneck Monitors usually have much stronger patterns.",https://www.ecologyasia.com/verts/lizards/rough-necked-monitor.htm,PASS,,
sp_roughneck_monitor,5,Its tail can be about 1.6 times as long as the distance from its snout to the base of its tail.,https://www.ecologyasia.com/verts/lizards/rough-necked-monitor.htm,PASS,,
sp_roughneck_monitor,6,"It can move both on the forest floor and in trees, and has been seen on fallen logs and climbing tree trunks.",https://www.ecologyasia.com/verts/lizards/rough-necked-monitor.htm,PASS,,
sp_roughneck_monitor,7,It often shelters inside holes in trees when it needs a hiding place.,https://www.ecologyasia.com/verts/lizards/rough-necked-monitor.htm,PASS,,
sp_roughneck_monitor,8,"When threatened, it may escape, puff up its throat, release urine or droppings, or even close its eyes and stay still as if playing dead.","https://animalia.bio/roughneck-monitor-lizard#google_vignette
https://en.wikipedia.org/wiki/Roughneck_monitor",PASS,,
sp_roughneck_monitor,9,"Its diet can include ants, termites, centipedes, stick insects, cockroaches, spiders, scorpions, frogs and crabs.","https://animalia.bio/roughneck-monitor-lizard#google_vignette
https://en.wikipedia.org/wiki/Roughneck_monitor",PASS,,
sp_roughneck_monitor,10,"Females can lay about 8–16 eggs in a clutch, and the eggs may take roughly 152–190 days to hatch.",https://animalia.bio/roughneck-monitor-lizard#google_vignette,PASS,,
sp_common_water_monitor,1,A water monitor can stay submerged for 30 minutes. These super swimmers can handle rivers and even salty seawater.,https://seaworld.org/animals/facts/reptiles/malayan-water-monitor/,PASS,,
sp_common_water_monitor,2,"The common water monitor uses its long, powerful, flattened tail like a swimming tool, helping the common water monitor move and steer through the water.",https://animalia.bio/asian-water-monitor?property=43,PASS,,
sp_common_water_monitor,3,"The common water monitor is a carnivore and scavenger with a huge menu, from fish and crabs to snakes and even crocodile eggs. The common water monitor can also smell carrion from far away.",https://www.thainationalparks.com/species/varanus-salvator,PASS,,
sp_common_water_monitor,4,"Most adult common water monitors are around 1.5 to 2 m long, but exceptional common water monitors can become enormous. One reported record individual measured 3.21 m.",https://www.thainationalparks.com/species/varanus-salvator,PASS,,
sp_common_water_monitor,5,"A common water monitor's pattern changes as it grows up. Young ones can show brighter yellow spots, but those markings gradually fade with age.",https://animalia.bio/asian-water-monitor?property=43,PASS,,
sp_common_water_monitor,6,"A female common water monitor can lay around 20 to 50 eggs. Common water monitor eggs may be hidden in termite mounds, rotten wood, or burrows and take about 5 to 6 months to hatch.",https://seaworld.org/animals/facts/reptiles/malayan-water-monitor/,PASS,,
sp_common_water_monitor,7,Male common water monitors can be very territorial and may fight rival males with powerful bites.,https://seaworld.org/animals/facts/reptiles/malayan-water-monitor/,PASS,,
sp_common_water_monitor,8,The common water monitor uses a forked tongue to help pinpoint where smells are coming from while searching for food.,https://seaworld.org/animals/facts/reptiles/malayan-water-monitor/,PASS,,
sp_common_water_monitor,9,"Male common water monitors can become reproductively mature at about 40 cm and 1 kg, while females reach maturity at about 50 cm. Common water monitors keep growing well beyond those sizes.",https://www.thainationalparks.com/species/varanus-salvator,PASS,,
sp_common_water_monitor,10,"A common water monitor comes with three built-in defense tools, a whipping tail, sharp claws, and a strong bite.",https://www.thainationalparks.com/species/varanus-salvator,PASS,,
sp_green_billed_coucal,1,"The green-billed coucal is found naturally only in Sri Lanka's wet zone, so the green-billed coucal is not a Malaysian native species.",https://animalia.bio/green-billed-coucal?environment=76,PASS,,
sp_green_billed_coucal,2,"The green-billed coucal is a fairly large bird, about 43 to 45 cm long, with dark glossy plumage, reddish wings, a long greenish tail, and a pale green bill.",https://www.lakpura.com/pages/green-billed-coucal,PASS,,
sp_green_billed_coucal,3,"The green-billed coucal's bill is normally pale green, but the green-billed coucal's bill can turn ivory during the breeding season.",https://www.lakpura.com/pages/green-billed-coucal,PASS,,
sp_green_billed_coucal,4,"Mum and dad green-billed coucals can be hard to tell apart, but youngsters give away their age with duller, streakier feathers and greyish eyes.",https://animalia.bio/green-billed-coucal?environment=76,PASS,,
sp_green_billed_coucal,5,"The green-billed coucal eats a varied animal diet that includes insects, caterpillars, small vertebrates, spiders, and lizards, with snails being a particular favourite.",https://animalia.bio/green-billed-coucal?environment=76 ,PASS,,
sp_green_billed_coucal,6,This bird likes to hunt low and sneaky. The green-billed coucal pushes through leaves and tangled plants on the forest floor looking for its next meal.,https://www.lakpura.com/pages/green-billed-coucal,PASS,,
sp_green_billed_coucal,7,"The green-billed coucal is a secretive forest bird that hides in thick vegetation, so hearing the green-billed coucal is often easier than seeing it.",https://www.lakpura.com/pages/green-billed-coucal,PASS,,
sp_green_billed_coucal,8,"The green-billed coucal builds a concealed domed nest in thick vegetation. Green-billed coucal nests have been described about 1.2 to 1.5 metres above the ground, with a typical clutch of 2 to 3 eggs.",https://www.lakpura.com/pages/green-billed-coucal,PASS,,
sp_green_billed_coucal,9,"The green-billed coucal is believed to breed from January through July, and the green-billed coucal lays chalky white eggs measuring about 34.7 by 27 mm.",https://www.lakpura.com/pages/green-billed-coucal,PASS,,
sp_green_billed_coucal,10,"The green-billed coucal gives a deep, booming call of usually two or three syllables. Male green-billed coucals call more often than females, especially during the breeding season.",https://www.lakpura.com/pages/green-billed-coucal,PASS,,
sp_greater_coucal,1,"Greater coucal pairs can defend surprisingly large nesting territories. In one southern Indian study, greater coucal territories ranged from 0.9 to 7.2 hectares.",https://biodb.com/species/greater-coucal/,PASS,,
sp_greater_coucal,2,"The greater coucal hides its domed nest in thick vegetation, and greater coucal nests can be positioned up to 6 metres above the ground.",https://en.wikipedia.org/wiki/Greater_coucal,PASS,,
sp_greater_coucal,3,"With shiny black feathers, brown wings, a super-long tail, and ruby-red eyes, the greater coucal looks dramatic. The females are even a little bigger than the males.",https://birdwatcher.delhigreens.com/greater-coucal/,PASS,,
sp_greater_coucal,4,"Greater coucal eggs start out chalky white with a yellowish glaze, but the greater coucal's egg colour changes as that outer coating gradually wears off.",https://kids.kiddle.co/Greater_coucal,PASS,,
sp_greater_coucal,5,"Female greater coucals are larger than males. Female greater coucals weigh about 275 to 380 g, compared with about 208 to 270 g for males.",https://kids.kiddle.co/Greater_coucal,PASS,,
sp_greater_coucal,6,"This bird can stomach some surprising food. Greater coucals have been seen eating poisonous yellow oleander fruit, and they sometimes snack on ripe oil palm fruit too.",https://en.wikipedia.org/wiki/Greater_coucal,PASS,,
sp_greater_coucal,7,"Greater coucal babies grow fast. The eggs hatch after only about 15 to 16 days, and the youngsters can leave the nest about 18 to 22 days later.",https://animalia.bio/greater-coucal?custom_list=1412,PASS,,
sp_greater_coucal,8,"Greater coucals can sing a duet. When a pair calls together, the female has the deeper voice. They can also rattle, scold, and even hiss.",https://animalia.bio/greater-coucal?custom_list=1412,PASS,,
sp_greater_coucal,9,A male greater coucal brings food to the female during courtship and does most of the work building their nest. The greater coucal's nest can take about 3 to 8 days to construct.,https://en.wikipedia.org/wiki/Greater_coucal,PASS,,
sp_greater_coucal,10,"The greater coucal's deep call can carry a long way, especially around dawn and dusk. In some cultures, the greater coucal's call is linked with approaching rain, which has earned it the nickname ""rain crow.""",https://biodb.com/species/greater-coucal/,PASS,,
sp_dhole,1,"It is nicknamed the ""whistling dog"" because it uses high-pitched whistles to communicate with other pack members.",https://a-z-animals.com/animals/dhole/,PASS,,
sp_dhole,2,"Raising baby dholes takes a whole team. Pack members babysit, guard the den, and even bring back food for the pups.",https://sdzwildlifeexplorers.org/animals/dhole,PASS,,
sp_dhole,3,Teamwork makes these hunters powerful. A dhole pack can tackle an animal weighing more than 10 times as much as one dhole.,https://www.natureinfocus.in/animals/decoding-dholes-10-things-you-should-know/,PASS,,
sp_dhole,4,"Dholes can run a relay race while hunting. One group chases hard, then other packmates can take over when the first hunters get tired.",https://animalia.bio/dhole?custom_list=1500,PASS,,
sp_dhole,5,"A dhole has quite the sound effects collection. It can whistle, yip, mew, scream, and even make a sound a bit like a chicken clucking.",https://www.zoodegranby.com/en/animals/dhole,PASS,,
sp_dhole,6,"Dinner rule in a dhole pack: kids first. When pups become old enough to join hunts, the grown-ups let them eat before everyone else.",https://sdzwildlifeexplorers.org/animals/dhole,PASS,,
sp_dhole,7,"Dholes usually hunt when the sun is up, but a bright moon can sometimes tempt them out for a nighttime hunt.",https://animalia.bio/dhole?custom_list=1500,PASS,,
sp_dhole,8,"The dhole has an unusual dental feature, the dhole has one fewer lower molar on each side than many other canids.",https://animalia.bio/dhole?custom_list=1500,PASS,,
sp_dhole,9,"Dhole pups do not become hunters right away. At about 10 weeks they start exploring outside the den, then around 6 to 7 months they can join the pack on hunts.",https://animalia.bio/dhole?custom_list=1500,PASS,,
sp_dhole,10,Malaysia is one of the countries where dholes still live in the wild today but it is so rare and hard to spot!,https://a-z-animals.com/animals/dhole/,PASS,,
sp_otter_civet,1,An Otter Civet can grow up to about 68 cm in head-and-body length and weigh up to about 5 kg.,https://www.ecologyasia.com/verts/mammals/otter-civet.htm,PASS,,
sp_otter_civet,2,"Its feet are partly webbed, helping it move through the water as part of its semi-aquatic lifestyle.","https://www.ecologyasia.com/verts/mammals/otter-civet.htm
https://animaldiversity.org/accounts/Cynogale_bennettii/",PASS,,
sp_otter_civet,3,It can close both its nostrils and its ears when it goes underwater.,"https://www.ecologyasia.com/verts/mammals/otter-civet.htm
https://animaldiversity.org/accounts/Cynogale_bennettii/",PASS,,
sp_otter_civet,4,"It has a broad muzzle, white lips and many unusually long whiskers that may help it find food.","https://www.ecologyasia.com/verts/mammals/otter-civet.htm
https://en.wikipedia.org/wiki/Otter_civet",PASS,,
sp_otter_civet,5,"Otter Civets are nocturnal, meaning they are active mainly at night.","https://www.ecologyasia.com/verts/mammals/otter-civet.htm
https://animaldiversity.org/accounts/Cynogale_bennettii/",PASS,,
sp_otter_civet,6,"Despite being adapted to water, the Otter Civet is also a surprisingly good climber and can climb trees.","https://animaldiversity.org/accounts/Cynogale_bennettii/
https://en.wikipedia.org/wiki/Otter_civet",PASS,,
sp_otter_civet,7,"It mainly lives around rivers, streams and swamp forests and usually stays close to water.","https://www.ecologyasia.com/verts/mammals/otter-civet.htm
https://animaldiversity.org/accounts/Cynogale_bennettii/",PASS,,
sp_otter_civet,8,"Its food includes aquatic animals such as fish, crabs and freshwater molluscs, but it may also eat birds and small mammals.",https://www.ecologyasia.com/verts/mammals/otter-civet.htm,PASS,,
sp_otter_civet,9,"When walking, it often keeps its head and tail low while holding its back in an arched position.",https://animaldiversity.org/accounts/Cynogale_bennettii/,PASS,,
sp_otter_civet,10,"Female Otter Civets generally have two or three young, and newborns do not yet have the frosted grey hairs seen on adults.",https://animaldiversity.org/accounts/Cynogale_bennettii/,PASS,,
sp_lesser_dog_faced_fruit_bat,1,"This small fruit bat weighs about 32–42 g, with a forearm measuring about 59–70 mm.",https://www.ecologyasia.com/verts/bats/sunda-short-nosed-fruit-bat.htm,PASS,,
sp_lesser_dog_faced_fruit_bat,2,"It gets the name “dog-faced” from its short, dog-like snout, and its large eyes help it see well at night.",https://biodiversitysg.nparks.gov.sg/our-biodiversity/mammals/other-mammals/lesser-dog-faced-fruit-bat/,PASS,,
sp_lesser_dog_faced_fruit_bat,3,"The edges of its ears and the bones in its wings are usually white; adult males also tend to have a reddish-orange neck collar, while females are more yellowish.","https://www.ecologyasia.com/verts/bats/sunda-short-nosed-fruit-bat.htm
https://en.wikipedia.org/wiki/Lesser_short-nosed_fruit_bat",PASS,,
sp_lesser_dog_faced_fruit_bat,4,"It usually becomes active around dusk or just after sunset, when it flies out to look for fruiting trees.",https://biodiversitysg.nparks.gov.sg/our-biodiversity/mammals/other-mammals/lesser-dog-faced-fruit-bat/,PASS,,
sp_lesser_dog_faced_fruit_bat,5,"During the day, these bats often rest upside down in small groups beneath palm leaves, among foliage or on tree branches.","https://biodiversitysg.nparks.gov.sg/our-biodiversity/mammals/other-mammals/lesser-dog-faced-fruit-bat/
https://en.wikipedia.org/wiki/Lesser_short-nosed_fruit_bat",PASS,,
sp_lesser_dog_faced_fruit_bat,6,A male may spend more than two months chewing the veins of leaves and palm fronds so that they collapse into an umbrella-like shelter for his group.,"https://www.ecologyasia.com/verts/bats/sunda-short-nosed-fruit-bat.htm
https://en.wikipedia.org/wiki/Lesser_short-nosed_fruit_bat",PASS,,
sp_lesser_dog_faced_fruit_bat,7,"Its diet is mainly fruit, including figs, bananas, guavas and mangoes, but it can also feed on nectar and pollen.","https://biodiversitysg.nparks.gov.sg/our-biodiversity/mammals/other-mammals/lesser-dog-faced-fruit-bat/
https://en.wikipedia.org/wiki/Lesser_short-nosed_fruit_bat",PASS,,
sp_lesser_dog_faced_fruit_bat,8,"After choosing a fruit from a tree, it may carry the fruit to a quiet feeding spot before eating the soft pulp.",https://www.ecologyasia.com/verts/bats/sunda-short-nosed-fruit-bat.htm,PASS,,
sp_lesser_dog_faced_fruit_bat,9,"In Peninsular Malaysia, females can breed throughout the year and usually have one baby, which the mother carries when it is young and nurses for about 6–8 weeks.",https://en.wikipedia.org/wiki/Lesser_short-nosed_fruit_bat,PASS,,
sp_lesser_dog_faced_fruit_bat,10,"By feeding on fruits, nectar and pollen, these bats help plants by spreading seeds and contributing to pollination.","https://biodiversitysg.nparks.gov.sg/our-biodiversity/mammals/other-mammals/lesser-dog-faced-fruit-bat/
https://en.wikipedia.org/wiki/Lesser_short-nosed_fruit_bat",PASS,,
sp_black_rumped_flameback,1,The Black-rumped Flameback is about 26–29 cm long.,https://birdsoftheworld.org/bow/species/bkrfla1/cur/introduction,PASS,,
sp_black_rumped_flameback,2,"It has bright golden-yellow wings, a black rump and throat, and whitish underparts covered with dark chevron-shaped markings.",https://en.wikipedia.org/wiki/Black-rumped_flameback,PASS,,
sp_black_rumped_flameback,3,"Males have a bright red crown and crest, while females have a black-and-white crown with red mainly on the crest.",https://en.wikipedia.org/wiki/Black-rumped_flameback,PASS,,
sp_black_rumped_flameback,4,"It has a loud rattling or chattering call and flies in an undulating, wave-like pattern.","https://en.wikipedia.org/wiki/Black-rumped_flameback
https://ebird.org/species/bkrfla1",PASS,,
sp_black_rumped_flameback,5,Black-rumped Flamebacks are often seen in pairs or small groups and sometimes join mixed-species flocks while searching for food.,https://en.wikipedia.org/wiki/Black-rumped_flameback,PASS,,
sp_black_rumped_flameback,6,They search for food from the forest floor all the way up to the tree canopy.,https://en.wikipedia.org/wiki/Black-rumped_flameback,PASS,,
sp_black_rumped_flameback,7,"They use their strong bills to reach beetle larvae hidden beneath tree bark, and they also visit termite mounds and drink nectar.",https://en.wikipedia.org/wiki/Black-rumped_flameback,PASS,,
sp_black_rumped_flameback,8,"While moving around branches, they may hop to the opposite side of a branch or trunk to hide from possible predators.",https://en.wikipedia.org/wiki/Black-rumped_flameback,PASS,,
sp_black_rumped_flameback,9,"During the breeding season, usually between February and July, they frequently drum on trees with their bills.",https://en.wikipedia.org/wiki/Black-rumped_flameback,PASS,,
sp_black_rumped_flameback,10,"They usually lay three glossy white eggs inside a nest cavity; the eggs hatch after about 11 days, and the chicks leave the nest about 20 days later.","https://en.wikipedia.org/wiki/Black-rumped_flameback
https://birdsoftheworld.org/bow/species/bkrfla1/cur/introduction",PASS,,
sp_hose_s_civet,1,Hose’s Civet is found naturally only on the island of Borneo.,"https://en.wikipedia.org/wiki/Hose%27s_palm_civet
https://www.ecologyasia.com/verts/mammals/hose's-civet.htm",PASS,,
sp_hose_s_civet,2,"It can grow to about 50 cm in head-and-body length, with a tail up to about 32 cm long, and can weigh up to around 3 kg.",https://www.ecologyasia.com/verts/mammals/hose's-civet.htm,PASS,,
sp_hose_s_civet,3,"Its upper body is dark brown to almost black, while its belly and the inner surfaces of its legs are pale or whitish.","https://en.wikipedia.org/wiki/Hose%27s_palm_civet
https://www.ecologyasia.com/verts/mammals/hose's-civet.htm",PASS,,
sp_hose_s_civet,4,"It has very long facial whiskers, a large flesh-coloured snout and nostrils that open widely towards the sides.",https://en.wikipedia.org/wiki/Hose%27s_palm_civet,PASS,,
sp_hose_s_civet,5,Hose’s Civets are mainly active at night but can also be active around dusk.,https://www.ecologyasia.com/verts/mammals/hose's-civet.htm,PASS,,
sp_hose_s_civet,6,They appear to spend much of their time on the ground rather than high in trees.,"https://en.wikipedia.org/wiki/Hose%27s_palm_civet
https://www.ecologyasia.com/verts/mammals/hose's-civet.htm",PASS,,
sp_hose_s_civet,7,"Their feet are partly webbed, which together with their long whiskers suggests they may search for food around rocky forest streams.",https://www.ecologyasia.com/verts/mammals/hose's-civet.htm,PASS,,
sp_hose_s_civet,8,"They have been recorded from elevations of about 325 to 1,700 metres, including both lower and mountain forests.",https://www.ecologyasia.com/verts/mammals/hose's-civet.htm,PASS,,
sp_hose_s_civet,9,"Many records come from very humid forests, and researchers think they may favour places near mossy rocks and streams.","https://en.wikipedia.org/wiki/Hose%27s_palm_civet
https://www.ecologyasia.com/verts/mammals/hose's-civet.htm",PASS,,
sp_hose_s_civet,10,For many years scientists knew Hose’s Civet mainly from museum specimens; the first living individual studied by researchers was obtained in 1997 and later released.,https://en.wikipedia.org/wiki/Hose%27s_palm_civet,PASS,,
sp_mountain_imperial_pigeon,1,"The Mountain Imperial Pigeon is a large pigeon, measuring about 43–51 cm long.","https://animalia.bio/mountain-imperial-pigeon#google_vignette
https://en.wikipedia.org/wiki/Mountain_imperial_pigeon",PASS,,
sp_mountain_imperial_pigeon,2,"It has a greyish head, neck and underparts, a contrasting white throat, and distinctive maroon-brown wings and back.",https://animalia.bio/mountain-imperial-pigeon#google_vignette,PASS,,
sp_mountain_imperial_pigeon,3,"Its wings are broad and rounded, and it flies with relatively slow wingbeats.",https://animalia.bio/mountain-imperial-pigeon#google_vignette,PASS,,
sp_mountain_imperial_pigeon,4,"Its call is a deep, resonant booming sound that may be difficult to hear unless the bird is fairly close.","https://animalia.bio/mountain-imperial-pigeon#google_vignette
https://en.wikipedia.org/wiki/Mountain_imperial_pigeon",PASS,,
sp_mountain_imperial_pigeon,5,"Although usually seen alone, Mountain Imperial Pigeons can gather in groups of up to about 20 birds, especially when travelling to roosts or moving through mountains.",https://animalia.bio/mountain-imperial-pigeon#google_vignette,PASS,,
sp_mountain_imperial_pigeon,6,"They spend much of their time high in the forest canopy and often fly above the treetops, which can make them difficult to spot.",https://animalia.bio/mountain-imperial-pigeon#google_vignette,PASS,,
sp_mountain_imperial_pigeon,7,"They mainly eat fruits and berries, especially figs and nutmeg, which they can pluck and swallow whole.",https://animalia.bio/mountain-imperial-pigeon#google_vignette,PASS,,
sp_mountain_imperial_pigeon,8,"They can live from sea level to high mountain forests, reaching about 2,550 metres in the Himalayas and about 2,200 metres on Sumatra.",https://animalia.bio/mountain-imperial-pigeon#google_vignette,PASS,,
sp_mountain_imperial_pigeon,9,"During courtship, a bird puffs up its throat and bows, then flies about 6–8 metres upward before gliding back down with its wings and tail spread wide.","https://animalia.bio/mountain-imperial-pigeon#google_vignette
https://en.wikipedia.org/wiki/Mountain_imperial_pigeon",PASS,,
sp_mountain_imperial_pigeon,10,"They build a simple platform nest about 5–8 metres above the ground, usually lay one egg, rarely two, and both parents help incubate the eggs.",https://animalia.bio/mountain-imperial-pigeon#google_vignette,PASS,,
sp_moonrat,1,You might smell a moonrat before you see one. It gives off a super-strong scent that smells a bit like ammonia.,https://animalia.bio/moonrat,PASS,,
sp_moonrat,2,"Moonrats are nighttime explorers. When the sun comes up, they hide under logs and roots or move into an empty burrow for a daytime nap.",https://animalia.bio/moonrat,PASS,,
sp_moonrat,3,"The moonrat has a head-and-body length of about 32 to 40 cm, plus a tail measuring another 20 to 29 cm, and the moonrat weighs roughly 870 g to 1.1 kg.",https://www.thainationalparks.com/species/moonrat,PASS,,
sp_moonrat,4,"Moonrats like their personal space. They mark their territory with a powerful smell and can hiss to tell other animals, ""Stay away!""",https://animalia.bio/moonrat,PASS,,
sp_moonrat,5,The moonrat can reproduce at any time of year. A female moonrat is pregnant for about 35 to 40 days and usually has two babies.,https://animalia.bio/moonrat,PASS,,
sp_moonrat,6,"Plot twist, the moonrat is not a rat at all! Its relatives include hedgehogs and other animals called gymnures.",https://kids.kiddle.co/Moonrat,PASS,,
sp_moonrat,7,"A moonrat can live for as long as about five years. That is several years of nighttime exploring, swimming, and sniffing for food.",https://www.thainationalparks.com/species/moonrat,PASS,,
sp_moonrat,8,"Not every white Bornean moonrat looks exactly the same. Those in western Borneo usually have more black hairs, while eastern ones tend to look whiter.",https://www.thainationalparks.com/species/moonrat,PASS,,
sp_moonrat,9,"The moonrat has unusually large hind feet, measuring about 6.5 to 7.5 cm long.",https://www.thainationalparks.com/species/moonrat,PASS,,
sp_moonrat,10,"The moonrat has a built-in food detector on its face. Its long, bendy snout helps it poke through leaves and dirt to find tasty insects and worms.",https://www.britannica.com/animal/moonrat,PASS,,
sp_white_crowned_forktail,1,"The White-crowned Forktail is the largest forktail, measuring about 25–28 cm long.","https://en.wikipedia.org/wiki/White-crowned_forktail
https://birdsoftheworld.org/bow/species/whcfor1/cur/introduction",PASS,,
sp_white_crowned_forktail,2,"It has a striking black-and-white pattern, with a white crown, white belly and rump, black throat and breast, and a bold white band across its dark wings.","https://en.wikipedia.org/wiki/White-crowned_forktail
https://birdsoftheworld.org/bow/species/whcfor1/cur/introduction",PASS,,
sp_white_crowned_forktail,3,Its long tail is deeply forked and patterned with black and white bands.,"https://en.wikipedia.org/wiki/White-crowned_forktail
https://birdsoftheworld.org/bow/species/whcfor1/cur/introduction",PASS,,
sp_white_crowned_forktail,4,"Young White-crowned Forktails do not yet have the adult’s bright white crown and have browner, mottled plumage.","https://en.wikipedia.org/wiki/White-crowned_forktail
https://birdsoftheworld.org/bow/species/whcfor1/cur/introduction",PASS,,
sp_white_crowned_forktail,5,It frequently wags its tail while moving around streams and other wet areas.,"https://en.wikipedia.org/wiki/White-crowned_forktail
https://birdsoftheworld.org/bow/species/whcfor1/cur/introduction",PASS,,
sp_white_crowned_forktail,6,"It searches along stream edges and even in the water for insects such as beetles, water crickets, springtails and caterpillars.","https://en.wikipedia.org/wiki/White-crowned_forktail
https://birdsoftheworld.org/bow/species/whcfor1/cur/introduction",PASS,,
sp_white_crowned_forktail,7,"Its calls include high-pitched whistles, while males can produce longer songs containing whistles, clicks and bell-like sounds.","https://en.wikipedia.org/wiki/White-crowned_forktail
https://birdsoftheworld.org/bow/species/whcfor1/cur/introduction",PASS,,
sp_white_crowned_forktail,8,"It prefers forest streams, fast-flowing rivers and waterfalls, usually in places surrounded by dense vegetation.","https://en.wikipedia.org/wiki/White-crowned_forktail
https://birdsoftheworld.org/bow/species/whcfor1/cur/introduction",PASS,,
sp_white_crowned_forktail,9,"Its nest is a large cup made from moss, leaves, plants and wood fibres and is usually built close to or directly above water.","https://en.wikipedia.org/wiki/White-crowned_forktail
https://birdsoftheworld.org/bow/species/whcfor1/cur/introduction",PASS,,
sp_white_crowned_forktail,10,Some White-crowned Forktails build their nests behind waterfalls and must fly through the falling water to reach them.,"https://en.wikipedia.org/wiki/White-crowned_forktail
https://birdsoftheworld.org/bow/species/whcfor1/cur/introduction",PASS,,
sp_black_crowned_pitta,1,"The Black-crowned Pitta is a small bird, measuring about 13–15.5 cm long and weighing about 50–64 g.",https://animalia.bio/black-crowned-pitta?letter=b#google_vignette,PASS,,
sp_black_crowned_pitta,2,"Adults have a black head and breast, a brilliant crimson belly, dark purple-blue upperparts and a bright blue patch on the wings.","https://animalia.bio/black-crowned-pitta?letter=b#google_vignette
https://ebird.org/species/bkhpit1",PASS,,
sp_black_crowned_pitta,3,A narrow pale blue or silvery-blue stripe extends backwards from behind each eye.,"https://animalia.bio/black-crowned-pitta?letter=b#google_vignette
https://ebird.org/species/bkhpit1",PASS,,
sp_black_crowned_pitta,4,The tip of its bill can be bright red to orange.,https://animalia.bio/black-crowned-pitta?letter=b#google_vignette,PASS,,
sp_black_crowned_pitta,5,"Young birds look very different from adults: nestlings are yellow, while juveniles become uniformly dark brown before developing their colourful adult feathers.",https://animalia.bio/black-crowned-pitta?letter=b#google_vignette,PASS,,
sp_black_crowned_pitta,6,"It is found only on Borneo and has been recorded mainly in Sabah, Malaysia.","https://animalia.bio/black-crowned-pitta?letter=b#google_vignette
https://en.wikipedia.org/wiki/Black-crowned_pitta",PASS,,
sp_black_crowned_pitta,7,"It prefers dark, damp parts of lowland rainforest, especially shaded gullies and ravines with dense vegetation.","https://animalia.bio/black-crowned-pitta?letter=b#google_vignette
https://ebird.org/species/bkhpit1",PASS,,
sp_black_crowned_pitta,8,"It mainly eats small animals without backbones, including spiders, ants, cockroaches, beetles and snails.","https://animalia.bio/black-crowned-pitta?letter=b#google_vignette
https://en.wikipedia.org/wiki/Black-crowned_pitta",PASS,,
sp_black_crowned_pitta,9,Its song is a clear whistle that rises in pitch and then ends abruptly.,https://ebird.org/species/bkhpit1,PASS,,
sp_black_crowned_pitta,10,"It builds a dome-shaped nest from materials such as sticks, bark, roots and leaves, and a clutch normally contains two eggs.","https://animalia.bio/black-crowned-pitta?letter=b#google_vignette
https://en.wikipedia.org/wiki/Black-crowned_pitta",PASS,,
sp_crimson_headed_partridge,1,The Crimson-headed Partridge is about 25 cm long; one measured adult male weighed about 330 g.,https://en.wikipedia.org/wiki/Crimson-headed_partridge,PASS,,
sp_crimson_headed_partridge,2,"Adult males have a striking crimson-red head, neck and breast, while most of the rest of the body is dark blackish; their bill is yellow to yellowish-white.",https://en.wikipedia.org/wiki/Crimson-headed_partridge,PASS,,
sp_crimson_headed_partridge,3,"Females are duller than males, with brownish-black plumage, a more orange-red head and breast, and a dark brownish-black bill. Females also lack the leg spurs found on males.",https://en.wikipedia.org/wiki/Crimson-headed_partridge,PASS,,
sp_crimson_headed_partridge,4,"Young birds are much duller than adults, with the crimson colour mainly limited to the top of the head.",https://en.wikipedia.org/wiki/Crimson-headed_partridge,PASS,,
sp_crimson_headed_partridge,5,"The species is found only on Borneo, where it mainly lives in lower montane forests in the northern and central parts of the island.","https://en.wikipedia.org/wiki/Crimson-headed_partridge
https://ebird.org/species/crhpar1?siteLanguage=en_MY",PASS,,
sp_crimson_headed_partridge,6,"It is usually found between about 1,000 and 1,700 metres above sea level, although records range from as low as 185 m to as high as 3,050 m.",https://en.wikipedia.org/wiki/Crimson-headed_partridge,PASS,,
sp_crimson_headed_partridge,7,"It searches on the forest floor and among short vegetation for berries, insects and even small crustaceans.",https://en.wikipedia.org/wiki/Crimson-headed_partridge,PASS,,
sp_crimson_headed_partridge,8,"Pairs can perform loud duets, with two birds giving their harsh calls alternately to one another.","https://ebird.org/species/crhpar1?siteLanguage=en_MY
https://en.wikipedia.org/wiki/Crimson-headed_partridge",PASS,,
sp_crimson_headed_partridge,9,Its nest is made from dry leaves and is hidden inside clumps of grass or lichen.,https://en.wikipedia.org/wiki/Crimson-headed_partridge,PASS,,
sp_crimson_headed_partridge,10,"A clutch can contain 8–9 light-brown eggs with darker streaks; in captivity, the eggs have taken about 18–19 days to hatch.",https://en.wikipedia.org/wiki/Crimson-headed_partridge,PASS,,
sp_banded_civet,1,"Its scientific name literally translates to ""half weasel,"" describing how it looks.",https://animalia.bio/black-crowned-pitta?letter=b#google_vignette,PASS,,
sp_banded_civet,2,"Scientists searching Peninsular Malaysia a few years back only managed to find this civet in two spots, both in the hills of Terengganu.",https://en.wikipedia.org/wiki/Banded_palm_civet,PASS,,
sp_banded_civet,3,"If this civet feels threatened, it actually puffs up its tail to look bigger and scarier.",https://en.wikipedia.org/wiki/Banded_palm_civet,PASS,,
sp_banded_civet,4,It can actually feel out its prey using extra-sensitive hairs tucked between the pads of its paws.,https://en.wikipedia.org/wiki/Banded_palm_civet,PASS,,
sp_banded_civet,5,"When hunting something bigger, it grabs the back of the neck and shakes hard, then holds its catch down with its front paws.",https://en.wikipedia.org/wiki/Banded_palm_civet,PASS,,
sp_banded_civet,6,"This civet has a close relative, Hose's civet, that looks and is built almost exactly like it.",https://en.wikipedia.org/wiki/Banded_palm_civet,PASS,,
sp_banded_civet,7,Genetic testing shows two groups of this civet split apart from each other nearly 3 million years ago.,https://en.wikipedia.org/wiki/Banded_palm_civet,PASS,,
sp_banded_civet,8,"This civet now only occupies about a fifth of the land it used to live in, and barely a tenth of what's left is actually protected.",https://en.wikipedia.org/wiki/Banded_palm_civet,PASS,,
sp_banded_civet,9,"Count the stripes on its back, it usually has seven or eight dark bands, plus a tail that changes from brown to solid black.","https://www.ecologyasia.com/verts/mammals/banded_civet.htm
https://en.wikipedia.org/wiki/Banded_palm_civet",PASS,,
sp_banded_civet,10,"It usually stays on the ground at night, but it can climb well too, and sometimes even hunts along forest streams for water creatures.",https://www.ecologyasia.com/verts/mammals/banded_civet.htm,PASS,,
sp_cinereous_bulbul,1,"This bird was first officially described using a specimen collected right here in Malacca, Malaysia, back in 1845.",https://www.worldbirdnames.com/bird/cinereous-bulbul/22801.html,PASS,,
sp_cinereous_bulbul,2,"Its name literally means ""ash grey"" in Latin, the perfect color for blending into shady forest light.",https://www.worldbirdnames.com/bird/cinereous-bulbul/22801.html,PASS,,
sp_cinereous_bulbul,3,"This bird has its own Malay name too, ""Merbah-Kelabu Biasa.""",https://singaporebirds.com/species/cinereous-bulbul,PASS,,
sp_cinereous_bulbul,4,"This bird used to be lumped together with a related species, the ashy bulbul, until scientists decided they were different enough to split into two.",https://en.wikipedia.org/wiki/Cinereous_bulbul,PASS,,
sp_cinereous_bulbul,5,"Even its genus name means ""half,"" because an early scientist thought it looked like a cross between two other bird groups.",https://www.worldbirdnames.com/bird/cinereous-bulbul/22801.html,PASS,,
sp_cinereous_bulbul,6,The Borneo version of this bird has a splash of yellow-green on its wings that the mainland Malaysian version doesn't have at all.,https://ebird.org/species/cinbul1/SG,PASS,,
sp_cinereous_bulbul,7,This bird is so light it weighs about as much as a small egg.,https://oiseaux.net/birds/cinereous.bulbul.html,PASS,,
sp_cinereous_bulbul,8,"This bird loves company, it often gathers with other bulbul species at fruit trees for a group feast.",https://singaporebirds.com/species/cinereous-bulbul,PASS,,
sp_cinereous_bulbul,9,"This bird prefers hilly, mountain forests, though every so often it turns up down in the lowlands too.",https://ebird.org/species/cinbul1/SG,PASS,,
sp_cinereous_bulbul,10,"This bird has been heard calling almost at sea level and also way up at 1,650 metres in the mountains of Sarawak.",https://xeno-canto.org/species/Hemixos-cinereus,PASS,,
sp_small_indian_mongoose,1,"Look closely at this mongoose's fur and you may spot tiny golden or reddish flecks. That is why auropunctata means ""gold-spotted.""",https://biodb.com/species/small-indian-mongoose/,PASS,,
sp_small_indian_mongoose,2,"Mongoose super-size trick! When facing danger, the small Indian mongoose can puff up its fur and look about twice its normal size.",https://animaldiversity.org/accounts/Herpestes_javanicus/,PASS,,
sp_small_indian_mongoose,3,"A small Indian mongoose cannot tuck away its claws like a cat. Its long claws stay out all the time, and each foot has five toes.",https://kids.kiddle.co/Small_Indian_mongoose,PASS,,
sp_small_indian_mongoose,4,"This mongoose has its own natural heating and cooling system. It can sunbathe on chilly mornings, then scrape away hot dirt to find a cooler spot when the day gets too warm.",https://animalia.bio/small-asian-mongoose?environment=214,PASS,,
sp_small_indian_mongoose,5,"This mongoose does not win snake battles by being magically poison-proof. Its secret weapon is speed, dodging strikes and attacking quickly around the snake's head.",https://animalia.bio/small-asian-mongoose?environment=214,PASS,,
sp_small_indian_mongoose,6,"A mongoose has about 12 different calls, including a high-pitched mating sound that sounds like ""giggling.""",https://animalia.bio/small-asian-mongoose?environment=214,PASS,,
sp_small_indian_mongoose,7,"Baby mongooses arrive fast. Pregnancy lasts only about 49 days, and there may be up to five pups. Boys can mature at about 122 days, while girls take around 301 days.",https://www.inaturalist.org/taxa/925979-Urva-auropunctata,PASS,,
sp_small_indian_mongoose,8,"The small Indian mongoose was deliberately introduced to islands to control rats, but small Indian mongooses also attacked native wildlife and became invasive predators.",https://animaldiversity.org/accounts/Herpestes_javanicus/,PASS,,
sp_small_indian_mongoose,9,"Mongooses can have playtime too. In captivity they have been seen playing and grooming each other, while wild mums may groom their babies.",https://animaldiversity.org/accounts/Herpestes_javanicus/,PASS,,
sp_small_indian_mongoose,10,"This mongoose usually likes being alone, but breeding season can change the rules. Some males have been seen hanging out together and even sharing a burrow.",https://animalia.bio/black-crowned-pitta?letter=b#google_vignette,PASS,,
sp_short_tailed_mongoose,1,"Where a short-tailed mongoose lives makes a big difference. On the mainland it is mostly found below about 100 m, but on Borneo it can climb to around 1,500 m or even higher.",https://en.wikipedia.org/wiki/Short-tailed_mongoose,PASS,,
sp_short_tailed_mongoose,2,"These mongooses need lots of space. In a Malaysian study, males roamed across an average area of 233 hectares, much larger than the females' 132 hectares.",https://www.ecologyasia.com/verts/mammals/short-tailed-mongoose.htm,PASS,,
sp_short_tailed_mongoose,3,Short-tailed mongooses like their personal space. They normally travel alone and keep territories of their own.,https://www.ecologyasia.com/verts/mammals/short-tailed-mongoose.htm,PASS,,
sp_short_tailed_mongoose,4,Its name is not kidding. The short-tailed mongoose has a tail only a little more than half as long as its head and body together.,https://www.ecologyasia.com/verts/mammals/short-tailed-mongoose.htm,PASS,,
sp_short_tailed_mongoose,5,"Not every short-tailed mongoose wears exactly the same coat. Some look nearly black, while others are browner or reddish, and their faces can have lighter and darker patches.",https://www.ecologyasia.com/verts/mammals/short-tailed-mongoose.htm,PASS,,
sp_short_tailed_mongoose,6,"This mongoose may be called short-tailed, but the whole animal can still reach around 60 to 65 cm long. Some can weigh as much as about 2 kg.",https://www.ecologyasia.com/verts/mammals/short-tailed-mongoose.htm,PASS,,
sp_short_tailed_mongoose,7,The short-tailed mongoose uses sensitive whiskers to help the short-tailed mongoose detect nearby objects and prey while moving through thick vegetation.,https://encyclopedia.pub/entry/55622,PASS,,
sp_short_tailed_mongoose,8,"A short-tailed mongoose can leave a smelly message instead of a sign. Its scent marks tell other mongooses, ""Someone lives here.""",https://encyclopedia.pub/entry/55622,PASS,,
sp_short_tailed_mongoose,9,"Baby short-tailed mongooses need lots of help from Mum. After about 60 to 70 days of pregnancy, she usually has 1 to 4 babies, and they take around 1 to 2 years to grow into breeding adults.",https://encyclopedia.pub/entry/55622,PASS,,
sp_short_tailed_mongoose,10,"The short-tailed mongoose has a chunky-looking face, with a broad snout and small round ears that make it look extra tough.",https://animalia.bio/short-tailed-mongoose,PASS,,
sp_collared_mongoose,1,Scientists don't fully agree on whether this mongoose is more of a nighttime or daytime hunter!,"https://en.wikipedia.org/wiki/Collared_mongoose
https://www.ecologyasia.com/verts/mammals/collared-mongoose.htm",PASS,,
sp_collared_mongoose,2,Genetic testing in 2009 was enough to move this mongoose into a whole new scientific genus,https://en.wikipedia.org/wiki/Collared_mongoose,PASS,,
sp_collared_mongoose,3,"Look closely and you might spot two different color types of this mongoose, mostly brown, but sometimes a rarer reddish version.","https://en.wikipedia.org/wiki/Collared_mongoose
https://www.ecologyasia.com/verts/mammals/collared-mongoose.htm",PASS,,
sp_collared_mongoose,4,"Even though an ocean separates them, the mongooses on Borneo and Sumatra are genetically almost identical.",https://en.wikipedia.org/wiki/Collared_mongoose,PASS,,
sp_collared_mongoose,5,"Mongoose populations on Palawan Island in the southern Philippines, previously classified as a different species, are now considered by some researchers to actually be a form of the Collared Mongoose.",https://www.ecologyasia.com/verts/mammals/collared-mongoose.htm,PASS,,
sp_collared_mongoose,6,"Even though it usually lives alone, camera traps have often caught pairs of these mongooses together.",https://www.ecologyasia.com/verts/mammals/collared-mongoose.htm,PASS,,
sp_collared_mongoose,7,"This mongoose used to be so poorly studied that scientists couldn't even rate how threatened it was, until a 2015 review found it Near Threatened.","https://en.wikipedia.org/wiki/Collared_mongoose
https://indonesia.wcs.org/initiatives/protecting-the-lesser-carnivores/collared-mongoose.aspx",PASS,,
sp_collared_mongoose,8,"This mongoose has been photographed living in a logged forest reserve in Sabah, Borneo.",https://www.ecologyasia.com/verts/mammals/collared-mongoose.htm,PASS,,
sp_collared_mongoose,9,"It can cope with a somewhat damaged forest, but once the land becomes a farm, this mongoose mostly disappears.","https://en.wikipedia.org/wiki/Collared_mongoose
https://www.ecologyasia.com/verts/mammals/collared-mongoose.htm",PASS,,
sp_collared_mongoose,10,"This mongoose can live from the flat lowlands all the way up to nearly 1,400 metres in the hills.","https://en.wikipedia.org/wiki/Collared_mongoose
https://indonesia.wcs.org/initiatives/protecting-the-lesser-carnivores/collared-mongoose.aspx",PASS,,
sp_lar_gibbon,1,"This gibbon actually picks the tallest trees on hilltops to call from, since it helps its voice travel further through the forest.",https://en.wikipedia.org/wiki/Malaysian_lar_gibbon,PASS,,
sp_lar_gibbon,2,"It has special built-in cushions on its bottom, hard bony pads that make sitting on branches more comfortable.",https://malaysianwildlife.org/lar-gibbon-hylobates-lar/,PASS,,
sp_lar_gibbon,3,No other gibbon species is spread across such a huge north-to-south range as this one.,https://malaysianwildlife.org/lar-gibbon-hylobates-lar/,PASS,,
sp_lar_gibbon,4,"A mother gibbon usually only has one baby every three and a half years, a very slow pace for having young.",https://malaysianwildlife.org/lar-gibbon-hylobates-lar/,PASS,,
sp_lar_gibbon,5,This gibbon can live for up to 30 years out in the wild.,https://malaysianwildlife.org/lar-gibbon-hylobates-lar/,PASS,,
sp_lar_gibbon,6,"When a gibbon pair sings together in the morning, their duet can be heard almost a kilometre away through the forest.",https://malaysianwildlife.org/lar-gibbon-hylobates-lar/,PASS,,
sp_lar_gibbon,7,"Even without a tail to help balance, this gibbon can actually walk upright along branches high in the trees.",https://www.ecologyasia.com/verts/mammals/white-handed_gibbon.htm,PASS,,
sp_lar_gibbon,8,"Two gibbons from the very same family group can have totally different coat colors, anywhere from dark brown to cream.","https://www.ecologyasia.com/verts/mammals/white-handed_gibbon.htm
https://malaysianwildlife.org/lar-gibbon-hylobates-lar/",PASS,,
sp_lar_gibbon,9,"Sadly, baby gibbons have sometimes been taken for the pet trade by hunters who shoot the mother first, which is one reason this species needs protecting.",https://www.ecologyasia.com/verts/mammals/white-handed_gibbon.htm,PASS,,
sp_lar_gibbon,10,"This gibbon eats lots of different plants, but figs seem to be one of its favorite treats.","https://malaysianwildlife.org/lar-gibbon-hylobates-lar/
https://www.ecologyasia.com/verts/mammals/white-handed_gibbon.htm",PASS,,
sp_malayan_porcupine,1,"The Malayan Porcupine is one of the largest porcupines in Southeast Asia, with a head-and-body length of up to about 72 cm.",https://www.ecologyasia.com/verts/mammals/malayan-porcupine.htm,PASS,,
sp_malayan_porcupine,2,"Its quills are actually modified hairs. The long quills on its back are usually black-and-white or dark-brown-and-white, while young porcupines are born with softer quills that harden as they grow.","https://en.wikipedia.org/wiki/Malayan_porcupine
https://www.ecologyasia.com/verts/mammals/malayan-porcupine.htm",PASS,,
sp_malayan_porcupine,3,"Its short tail has thick, hollow quills that it can shake to make a rattling sound when it feels threatened.",https://www.ecologyasia.com/verts/mammals/malayan-porcupine.htm,PASS,,
sp_malayan_porcupine,4,"Its short tail has thick, hollow quills that it can shake to make a rattling sound when it feels threatened.","https://en.wikipedia.org/wiki/Malayan_porcupine
https://www.ecologyasia.com/verts/mammals/malayan-porcupine.htm",PASS,,
sp_malayan_porcupine,5,"They eat fallen fruits, roots, tubers and bark, and their powerful jaws can crush hard seeds and nuts. They are even known to gnaw on bones and carry them back to their burrows.",https://www.ecologyasia.com/verts/mammals/malayan-porcupine.htm,PASS,,
sp_malayan_porcupine,6,They dig large burrows using their powerful front feet and long claws. These burrows can form extensive tunnel systems and may be used by many generations.,https://www.ecologyasia.com/verts/mammals/malayan-porcupine.htm,PASS,,
sp_malayan_porcupine,7,"Family bonds can be strong: groups of 2–4 Malayan Porcupines may forage together at night, and as many as 10 can live in the same colony.",https://www.ecologyasia.com/verts/mammals/malayan-porcupine.htm,PASS,,
sp_malayan_porcupine,8,"When seriously threatened, a Malayan Porcupine can raise its quills and charge backwards toward an attacker, using its sharp spines for defence.",https://www.ecologyasia.com/verts/mammals/malayan-porcupine.htm,PASS,,
sp_malayan_porcupine,9,"Despite their heavy, spiny bodies, Malayan Porcupines are able to swim.",https://en.wikipedia.org/wiki/Malayan_porcupine,PASS,,
sp_malayan_porcupine,10,"A female usually gives birth to one pup after a pregnancy of about 90–112 days, although twins have also been recorded.",https://en.wikipedia.org/wiki/Malayan_porcupine,PASS,,
sp_four_striped_ground_squirrel,1,The Four-striped Ground Squirrel is found naturally only on the island of Borneo.,https://en.wikipedia.org/wiki/Four-striped_ground_squirrel,PASS,,
sp_four_striped_ground_squirrel,2,"It belongs to the squirrel family Sciuridae, the same family that contains tree squirrels, ground squirrels and flying squirrels.",https://en.wikipedia.org/wiki/Four-striped_ground_squirrel,PASS,,
sp_four_striped_ground_squirrel,3,"Its scientific name is Lariscus hosei, and it belongs to a group known as the striped ground squirrels.","https://en.wikipedia.org/wiki/Four-striped_ground_squirrel
https://en.wikipedia.org/wiki/Lariscus",PASS,,
sp_four_striped_ground_squirrel,4,"As its common name suggests, the Four-striped Ground Squirrel is recognised by four stripes running along its back.",https://www.inaturalist.org/taxa/46186-Lariscus-hosei,PASS,,
sp_four_striped_ground_squirrel,5,Its natural habitat includes subtropical and tropical dry forests on Borneo.,https://en.wikipedia.org/wiki/Four-striped_ground_squirrel,PASS,,
sp_four_striped_ground_squirrel,6,The genus Lariscus contains four recognised species of striped ground squirrels.,https://en.wikipedia.org/wiki/Lariscus,PASS,,
sp_four_striped_ground_squirrel,7,All members of the genus Lariscus occur naturally in Southeast Asia.,https://en.wikipedia.org/wiki/Lariscus,PASS,,
sp_four_striped_ground_squirrel,8,The species was scientifically described by British zoologist Oldfield Thomas in 1892.,https://en.wikipedia.org/wiki/Four-striped_ground_squirrel,PASS,,
sp_four_striped_ground_squirrel,9,"When it was first scientifically described, it was called Sciurus hosei rather than Lariscus hosei.",https://en.wikipedia.org/wiki/Four-striped_ground_squirrel,PASS,,
sp_four_striped_ground_squirrel,10,Habitat loss is recognised as a threat to the Four-striped Ground Squirrel because it depends on forest habitat.,https://en.wikipedia.org/wiki/Four-striped_ground_squirrel,PASS,,
sp_three_striped_ground_squirrel,1,"The Three-striped Ground Squirrel has a head-and-body length of about 23 cm, with a shorter tail of about 14 cm.",https://www.ecologyasia.com/verts/mammals/three-striped-ground-squirrel.htm,PASS,,
sp_three_striped_ground_squirrel,2,"Its upper body and tail range from deep brown to orange-brown, while its underside is much paler.",https://www.ecologyasia.com/verts/mammals/three-striped-ground-squirrel.htm,PASS,,
sp_three_striped_ground_squirrel,3,It is easy to recognise by three thick black stripes that run from its shoulders to the base of its tail.,https://www.ecologyasia.com/verts/mammals/three-striped-ground-squirrel.htm,PASS,,
sp_three_striped_ground_squirrel,4,It is active during the daytime and spends almost all of its time on the ground.,https://www.ecologyasia.com/verts/mammals/three-striped-ground-squirrel.htm,PASS,,
sp_three_striped_ground_squirrel,5,"Even when crossing fallen trees, it rarely climbs more than about one metre above the ground.",https://www.ecologyasia.com/verts/mammals/three-striped-ground-squirrel.htm,PASS,,
sp_three_striped_ground_squirrel,6,"It digs through loose surface soil while searching for food such as roots, fallen fruits and insects.",https://www.ecologyasia.com/verts/mammals/three-striped-ground-squirrel.htm,PASS,,
sp_three_striped_ground_squirrel,7,Its nests are usually hidden inside the rotting trunks of fallen trees.,https://www.ecologyasia.com/verts/mammals/three-striped-ground-squirrel.htm,PASS,,
sp_three_striped_ground_squirrel,8,"It is a shy, nervous squirrel that quickly runs into the forest to hide when disturbed.",https://www.ecologyasia.com/verts/mammals/three-striped-ground-squirrel.htm,PASS,,
sp_three_striped_ground_squirrel,9,"Its alarm calls can sound like a repeated “chi-it” or a descending “phe-ew”, and it may flick its tail while calling.",https://www.ecologyasia.com/verts/mammals/three-striped-ground-squirrel.htm,PASS,,
sp_three_striped_ground_squirrel,10,"Its range stretches from southern Thailand through Peninsular Malaysia to Sumatra, Java and Borneo.","https://en.wikipedia.org/wiki/Three-striped_ground_squirrel
https://www.ecologyasia.com/verts/mammals/three-striped-ground-squirrel.htm",PASS,,
sp_noisy_rat,1,A noisy rat's wild life is fairly short. The supplied source gives its typical natural lifespan as about three years.,https://symphonyofhorizon.com/exploration/species/leopoldamys-sabanus-2437926,PASS,,
sp_noisy_rat,2,No eggs for this rat. Baby noisy rats develop inside their mum before being born alive.,https://animalia.bio/long-tailed-giant-rat,PASS,,
sp_noisy_rat,3,"The noisy rat likes the in-between hours. Instead of choosing bright daytime or deep nighttime, it is especially active around sunrise and sunset.",https://symphonyofhorizon.com/exploration/species/leopoldamys-sabanus-2437926,PASS,,
sp_noisy_rat,4,"Scientists tracked these rats with radio equipment and found their movements could cover areas from roughly 2,083 to 9,829 square metres.",https://symphonyofhorizon.com/exploration/species/leopoldamys-sabanus-2437926,PASS,,
sp_noisy_rat,5,"This rat has a seriously long tail. Its body can be about 27 cm long, but its tail can stretch to around 41 cm.",https://www.ecologyasia.com/verts/mammals/long-tailed-giant-rat.htm,PASS,,
sp_noisy_rat,6,"A long-tailed giant rat can weigh about 500 g, roughly half a kilogram. That is pretty hefty for a forest rat.",https://www.ecologyasia.com/verts/mammals/long-tailed-giant-rat.htm,PASS,,
sp_noisy_rat,7,"The long-tailed giant rat usually lives below about 1,200 m, but an exceptional record from Mount Kinabalu reached around 3,100 m.",https://www.ecologyasia.com/verts/mammals/long-tailed-giant-rat.htm,PASS,,
sp_noisy_rat,8,"This rat has a two-tone coat. The long-tailed giant rat is dark and golden-brown on top, but much paler underneath.",https://www.ecologyasia.com/verts/mammals/long-tailed-giant-rat.htm,PASS,,
sp_noisy_rat,9,"Look closely at the tail. The back half is usually pale, and instead of fluffy fur, the tail is scaly with tiny bristles.",https://www.ecologyasia.com/verts/mammals/long-tailed-giant-rat.htm,PASS,,
sp_noisy_rat,10,"This rat can go vertical. The long-tailed giant rat usually stays near the ground, but it can climb surprisingly high into the trees.",https://www.ecologyasia.com/verts/mammals/long-tailed-giant-rat.htm,PASS,,
sp_white_tailed_wattled_pheasant,1,The White-tailed Wattled Pheasant is found naturally only on the island of Borneo.,"https://en.wikipedia.org/wiki/Bulwer%27s_pheasant
https://animalia.bio/bulwers-pheasant/1000#google_vignette",PASS,,
sp_white_tailed_wattled_pheasant,2,"Adult males can reach about 80 cm long, while females are smaller at about 55 cm.","https://en.wikipedia.org/wiki/Bulwer%27s_pheasant
https://animalia.bio/bulwers-pheasant/1000#google_vignette",PASS,,
sp_white_tailed_wattled_pheasant,3,"Males have mostly glossy black plumage, a maroon breast, bright red legs and a huge fan of pure white tail feathers.","https://en.wikipedia.org/wiki/Bulwer%27s_pheasant
https://ebird.org/species/bulphe1?siteLanguage=en_MY",PASS,,
sp_white_tailed_wattled_pheasant,4,"Females look very different from males: they are mostly rufous-brown and have a much shorter, narrower tail.","https://animalia.bio/bulwers-pheasant/1000#google_vignette
https://ebird.org/species/bulphe1?siteLanguage=en_MY",PASS,,
sp_white_tailed_wattled_pheasant,5,"Both males and females have bright blue facial skin, but males have large blue wattles that can expand during display.","https://en.wikipedia.org/wiki/Bulwer%27s_pheasant
https://ebird.org/species/bulphe1?siteLanguage=en_MY",PASS,,
sp_white_tailed_wattled_pheasant,6,"During courtship, a male can spread his enormous white tail into a dramatic fan and raise his blue facial wattles.",https://ebird.org/species/bulphe1?siteLanguage=en_MY,PASS,,
sp_white_tailed_wattled_pheasant,7,It lives mainly in hilly foothill and lower montane rainforest and is rarely found in lowlands below about 300 metres.,https://animalia.bio/bulwers-pheasant/1000#google_vignette,PASS,,
sp_white_tailed_wattled_pheasant,8,These pheasants may move around the forest to search for trees that are producing fruit.,https://ebird.org/species/bulphe1?siteLanguage=en_MY,PASS,,
sp_white_tailed_wattled_pheasant,9,Their diet includes fruits as well as worms and insects.,"https://en.wikipedia.org/wiki/Bulwer%27s_pheasant
https://animalia.bio/bulwers-pheasant/1000#google_vignette",PASS,,
sp_white_tailed_wattled_pheasant,10,"The species was named after Sir Henry Ernest Gascoyne Bulwer, who presented the first scientific specimen to the British Museum.","https://en.wikipedia.org/wiki/Bulwer%27s_pheasant
https://animalia.bio/bulwers-pheasant/1000#google_vignette",PASS,,
sp_rufous_tailed_pheasant,1,The Rufous-tailed Fantail is found naturally only on the island of Java in Indonesia.,https://en.wikipedia.org/wiki/Rufous-tailed_fantail,PASS,,
sp_rufous_tailed_pheasant,2,It lives in subtropical or tropical moist mountain forests.,https://en.wikipedia.org/wiki/Rufous-tailed_fantail,PASS,,
sp_rufous_tailed_pheasant,3,"Its reddish-brown, or rufous, tail helps distinguish it from the other two fantail species found on Java.",https://ebird.org/species/rutfan1,PASS,,
sp_rufous_tailed_pheasant,4,It has a noticeable white throat.,https://ebird.org/species/rutfan1,PASS,,
sp_rufous_tailed_pheasant,5,Its facial markings form distinctive eyebrow-like markings that eBird describes as giving it an “angry” appearance.,https://ebird.org/species/rutfan1,PASS,,
sp_rufous_tailed_pheasant,6,It is an active bird that lives in foothill and mountain forests.,https://ebird.org/species/rutfan1,PASS,,
sp_rufous_tailed_pheasant,7,Rufous-tailed Fantails often travel and forage together with mixed-species bird flocks.,https://ebird.org/species/rutfan1,PASS,,
sp_rufous_tailed_pheasant,8,They often move through tangled vegetation in the lower and middle levels of the forest rather than staying high in the canopy.,https://ebird.org/species/rutfan1,PASS,,
sp_rufous_tailed_pheasant,9,Their song is a squeaky series of notes that repeatedly move up and down in pitch.,https://ebird.org/species/rutfan1,PASS,,
sp_rufous_tailed_pheasant,10,"Their call is a short, dry sound described as “chrit.”",https://ebird.org/species/rutfan1,PASS,,
sp_vieillot_s_fireback,1,"This bird was only officially recognized as its own separate species in 2023, before that it was lumped together with a related fireback from Borneo.",https://en.wikipedia.org/wiki/Malayan_crested_fireback,PASS,,
sp_vieillot_s_fireback,2,"The Malayan Crested Fireback is distinguished from the closely related Bornean crested fireback by its white central tail feathers, red legs, and bluish black plumage streaked with white below.",https://en.wikipedia.org/wiki/Malayan_crested_fireback,PASS,,
sp_vieillot_s_fireback,3,There's a mysterious population in Sumatra that scientists now believe is actually a natural mix between this bird and its close relative in Borneo.,https://en.wikipedia.org/wiki/Malayan_crested_fireback,PASS,,
sp_vieillot_s_fireback,4,"Male Malayan Crested Firebacks display a peacock-like dark crest, glossy blue-black plumage, a reddish brown rump, and bare blue facial skin that enlarges into wattles, while shorter-crested females are brown with black and white spotted underparts.","https://en.wikipedia.org/wiki/Malayan_crested_fireback
https://birdforum.net/opus/Malayan_Crested_Fireback",PASS,,
sp_vieillot_s_fireback,5,"This bird likes to live near rivers, especially spots that flood sometimes, and mostly stays down low rather than up in the mountains.",https://birdforum.net/opus/Malayan_Crested_Fireback,PASS,,
sp_vieillot_s_fireback,6,"The Malayan Crested Fireback feeds in groups of up to six birds, more often outside the breeding season, on a diet of berries, fruit, other plant material, and invertebrates.",https://birdforum.net/opus/Malayan_Crested_Fireback,PASS,,
sp_vieillot_s_fireback,7,The Malayan Crested Fireback is most frequently heard vocalizing in the early morning and late afternoon.,https://birdforum.net/opus/Malayan_Crested_Fireback,PASS,,
sp_vieillot_s_fireback,8,"This bird has been photographed right here in Malaysia, in Taman Negara National Park.",https://birdforum.net/opus/Malayan_Crested_Fireback,PASS,,
sp_vieillot_s_fireback,9,"This bird is considered Vulnerable, meaning its home forests and hunting pressure are putting it at real risk.",https://en.wikipedia.org/wiki/Malayan_crested_fireback,PASS,,
sp_vieillot_s_fireback,10,"Its scientific name literally means ""red,"" describing the reddish patch of feathers on its lower back.",https://www.worldbirdnames.com/bird/crested-fireback/1552.html,PASS,,
sp_malay_crested_fireback,1,"Malay crested firebacks occur on the Thai-Malay Peninsula and Sumatra, including Taman Negara.",https://en.wikipedia.org/wiki/Malayan_crested_fireback?utm_source=chatgpt.com,PASS,,
sp_malay_crested_fireback,2,"Malay crested firebacks make their homes in lowland rainforests, especially wetter places!",https://ebird.org/species/crefir3?utm_source=chatgpt.com,PASS,,
sp_malay_crested_fireback,3,The Malay crested fireback can grow up to 70 cm long.,https://en.wikipedia.org/wiki/Malayan_crested_fireback?utm_source=chatgpt.com,PASS,,
sp_malay_crested_fireback,4,Malay crested fireback males wear blue-black feathers with reddish-brown rumps; females wear brown!,https://en.wikipedia.org/wiki/Malayan_crested_fireback?utm_source=chatgpt.com,PASS,,
sp_malay_crested_fireback,5,A male Malay crested fireback’s tail mixes colours: white in the middle and black outside!,https://en.wikipedia.org/wiki/Malayan_crested_fireback?utm_source=chatgpt.com,PASS,,
sp_malay_crested_fireback,6,"Malay crested firebacks explore the forest floor for food, solo or with a small group!",https://ebird.org/species/crefir3?utm_source=chatgpt.com,PASS,,
sp_malay_crested_fireback,7,Listen for a Malay crested fireback calling “chuckit” or a softer “weep”!,https://ebird.org/species/crefir3?utm_source=chatgpt.com,PASS,,
sp_malay_crested_fireback,8,Male Malay crested firebacks perform displays that produce whirring wing sounds.,https://ebird.org/species/crefir3?utm_source=chatgpt.com,PASS,,
sp_malay_crested_fireback,9,Malay crested firebacks have blue facial skin and red legs; Malayan crestless firebacks have red facial skin and grey legs.,https://ebird.org/species/crefir3?utm_source=chatgpt.com,PASS,,
sp_malay_crested_fireback,10,"Malay crested firebacks need safe forest homes, because forest loss and too much hunting threaten these birds!",https://en.wikipedia.org/wiki/Malayan_crested_fireback?utm_source=chatgpt.com,PASS,,
sp_smooth_coated_otter,1,Smooth-coated otters have been spotted in Malaysian places such as Ipoh and Penang!,https://www.ecologyasia.com/verts/mammals/smooth_otter.htm?utm_source=chatgpt.com,PASS,,
sp_smooth_coated_otter,2,"The smooth-coated otter has short, smooth fur and a hairless nose.",https://www.ecologyasia.com/verts/mammals/smooth_otter.htm?utm_source=chatgpt.com,PASS,,
sp_smooth_coated_otter,3,"Smooth-coated otters have large, webbed feet and flattened tails.",https://www.ecologyasia.com/verts/mammals/smooth_otter.htm?utm_source=chatgpt.com,PASS,,
sp_smooth_coated_otter,4,"Smooth-coated otters eat fish, shellfish and crustaceans.",https://www.otter.org/smooth-coated-otter?utm_source=chatgpt.com,PASS,,
sp_smooth_coated_otter,5,Smooth-coated otters use sensitive whiskers to detect disturbances in water.,https://animaldiversity.org/accounts/Lutrogale_perspicillata/?utm_source=chatgpt.com,PASS,,
sp_smooth_coated_otter,6,Some smooth-coated otters build burrows with underwater entrances leading to chambers above the high-water line.,https://animaldiversity.org/accounts/Lutrogale_perspicillata/?utm_source=chatgpt.com,PASS,,
sp_smooth_coated_otter,7,Smooth-coated otters at Kuala Selangor Nature Park were observed hunting fish in a slightly V-shaped formation.,https://en.wikipedia.org/wiki/Smooth-coated_otter?utm_source=chatgpt.com,PASS,,
sp_smooth_coated_otter,8,Smooth-coated otters observed in Peninsular Malaysia were mainly active by day and rested briefly around midday.,https://en.wikipedia.org/wiki/Smooth-coated_otter?utm_source=chatgpt.com,PASS,,
sp_smooth_coated_otter,9,"Smooth-coated otters can visit salty coastal waters, but freshwater must still be nearby!",https://en.wikipedia.org/wiki/Smooth-coated_otter?utm_source=chatgpt.com,PASS,,
sp_smooth_coated_otter,10,Smooth-coated otters have several possible family sizes: sources report 1–2 or 2–5 babies per litter!,"https://www.ecologyasia.com/verts/mammals/smooth_otter.htm?utm_source=chatgpt.com
https://www.otter.org/smooth-coated-otter?utm_source=chatgpt.com
https://animaldiversity.org/accounts/Lutrogale_perspicillata/?utm_source=chatgpt.com",PASS,,
sp_stump_tailed_macaque,1,Perlis State Park is a Malaysian home for stump-tailed macaques!,https://www.mybis.gov.my/art/394?utm_source=chatgpt.com,PASS,,
sp_stump_tailed_macaque,2,"A stump-tailed macaque has a tiny tail, only 3.2–6.9 cm long!",https://en.wikipedia.org/wiki/Stump-tailed_macaque?utm_source=chatgpt.com,PASS,,
sp_stump_tailed_macaque,3,"Baby stump-tailed macaques have white fur, while adults usually have dark fur.",https://www.ecologyasia.com/verts/mammals/stump-tailed-macaque.htm?utm_source=chatgpt.com,PASS,,
sp_stump_tailed_macaque,4,Stump-tailed macaques store food briefly in cheek pouches.,https://en.wikipedia.org/wiki/Stump-tailed_macaque?utm_source=chatgpt.com,PASS,,
sp_stump_tailed_macaque,5,The stump-tailed macaque’s pink or red face becomes darker with age.,https://en.wikipedia.org/wiki/Stump-tailed_macaque?utm_source=chatgpt.com,PASS,,
sp_stump_tailed_macaque,6,Stump-tailed macaques spend most of their time on the ground but can climb trees.,https://www.ecologyasia.com/verts/mammals/stump-tailed-macaque.htm?utm_source=chatgpt.com,PASS,,
sp_stump_tailed_macaque,7,"Stump-tailed macaques typically live in groups of 10–60, including several adult males and females.",https://www.mybis.gov.my/art/394?utm_source=chatgpt.com,PASS,,
sp_stump_tailed_macaque,8,About 50 stump-tailed macaques were observed visiting a Perlis oil-palm plantation early in the morning.,https://www.ecologyasia.com/verts/mammals/stump-tailed-macaque.htm?utm_source=chatgpt.com,PASS,,
sp_stump_tailed_macaque,9,Male and female stump-tailed macaques can become partly bald as they age.,https://www.mybis.gov.my/art/394?utm_source=chatgpt.com,PASS,,
sp_stump_tailed_macaque,10,Stump-tailed macaques are protected under Malaysia’s Wildlife Conservation Act 2010,https://www.mybis.gov.my/art/394?utm_source=chatgpt.com,PASS,,
sp_southern_red_muntjac,1,Southern red muntjacs live in both Peninsular Malaysia and Borneo!,https://en.wikipedia.org/wiki/Southern_red_muntjac?utm_source=chatgpt.com,PASS,,
sp_southern_red_muntjac,2,A barking animal might be a southern red muntjac warning of danger!,https://en.wikipedia.org/wiki/Southern_red_muntjac?utm_source=chatgpt.com,PASS,,
sp_southern_red_muntjac,3,Male southern red muntjacs wear short antlers raised on bony stalks!,https://www.ecologyasia.com/verts/mammals/red-muntjac.htm?utm_source=chatgpt.com,PASS,,
sp_southern_red_muntjac,4,Male southern red muntjacs leave scent messages to mark their territory!,https://www.ecologyasia.com/verts/mammals/red-muntjac.htm?utm_source=chatgpt.com,PASS,,
sp_southern_red_muntjac,5,"Southern red muntjacs enjoy a forest menu of leaves, shoots, bark, grass and fallen fruit!",https://www.ecologyasia.com/verts/mammals/red-muntjac.htm?utm_source=chatgpt.com,PASS,,
sp_southern_red_muntjac,6,Young southern red muntjacs sometimes have white spots.,https://www.ecologyasia.com/verts/mammals/red-muntjac.htm?utm_source=chatgpt.com,PASS,,
sp_southern_red_muntjac,7,Male southern red muntjacs have another weapon besides antlers: long upper canine teeth!,https://www.ecologyasia.com/verts/mammals/red-muntjac.htm?utm_source=chatgpt.com,PASS,,
sp_southern_red_muntjac,8,"Cameras have spotted southern red muntjacs in young acacia plantations in Bintulu, Sarawak!",https://en.wikipedia.org/wiki/Southern_red_muntjac?utm_source=chatgpt.com,PASS,,
sp_southern_red_muntjac,9,"A southern red muntjac mother usually has one baby after 6–7 months, but sometimes has twins!",https://en.wikipedia.org/wiki/Southern_red_muntjac?utm_source=chatgpt.com,PASS,,
sp_southern_red_muntjac,10,A grown southern red muntjac can weigh 13–35 kg.,https://en.wikipedia.org/wiki/Southern_red_muntjac?utm_source=chatgpt.com,PASS,,
sp_malay_weasel,1,Malaysia shares the Malayan weasel with neighbouring parts of Southeast Asia!,https://en.wikipedia.org/wiki/Malayan_weasel?utm_source=chatgpt.com,PASS,,
sp_malay_weasel,2,"Malayan weasels come in several colours, from golden shades to pale greyish-white!",https://www.ecologyasia.com/verts/mammals/malay-weasel.htm?utm_source=chatgpt.com,PASS,,
sp_malay_weasel,3,"A Malayan weasel’s head and body are about a school ruler long, or slightly longer!","https://www.ecologyasia.com/verts/mammals/malay-weasel.htm?utm_source=chatgpt.com
https://en.wikipedia.org/wiki/Malayan_weasel?utm_source=chatgpt.com",PASS,,
sp_malay_weasel,4,A Malayan weasel’s long body helps the hunter follow animals into underground burrows!,https://www.ecologyasia.com/verts/mammals/malay-weasel.htm?utm_source=chatgpt.com,PASS,,
sp_malay_weasel,5,"Malayan weasels live in several settings, including forests and grassy places!",https://www.ecologyasia.com/verts/mammals/malay-weasel.htm?utm_source=chatgpt.com,PASS,,
sp_malay_weasel,6,"Malayan weasels have been found high in the mountains, up to 1,700 metres","https://en.wikipedia.org/wiki/Malayan_weasel?utm_source=chatgpt.com
https://www.ecologyasia.com/verts/mammals/malay-weasel.htm?utm_source=chatgpt.com",PASS,,
sp_malay_weasel,7,"Malayan weasels are usually spotted by day, but their nighttime lives need more investigation!","https://en.wikipedia.org/wiki/Malayan_weasel?utm_source=chatgpt.com
https://www.ecologyasia.com/verts/mammals/malay-weasel.htm?utm_source=chatgpt.com",PASS,,
sp_malay_weasel,8,"Spot a Malayan weasel, and the animal will probably be alone!","https://www.ecologyasia.com/verts/mammals/malay-weasel.htm?utm_source=chatgpt.com
https://www.animaldiversity.org/accounts/Mustela_nudipes/",PASS,,
sp_malay_weasel,9,One recorded Malayan weasel family had four babies in a single litter!,https://en.wikipedia.org/wiki/Malayan_weasel?utm_source=chatgpt.com,PASS,,
sp_malay_weasel,10,"Cameras found Malayan weasels in both original forest and forest where trees had been cut, at heights of 177–1,032 metres!",https://en.wikipedia.org/wiki/Malayan_weasel?utm_source=chatgpt.com,PASS,,
sp_sunda_stink_badger,1,"Sunda stink badgers live in Sabah’s lowlands too, with records just 10 metres above sea level!",https://en.wikipedia.org/wiki/Sunda_stink_badger?utm_source=chatgpt.com,PASS,,
sp_sunda_stink_badger,2,The Sunda stink badger has a surprising family connection: skunks!,https://en.wikipedia.org/wiki/Sunda_stink_badger?utm_source=chatgpt.com,PASS,,
sp_sunda_stink_badger,3,Sunda stink badgers do not all have the same stripe: some white stripes have gaps!,https://animalia.bio/sunda-stink-badger?utm_source=chatgpt.com,PASS,,
sp_sunda_stink_badger,4,A threatened Sunda stink badger raises the tail and releases a foul-smelling secretion.,https://animaldiversity.org/accounts/Mydaus_javanensis/?utm_source=chatgpt.com,PASS,,
sp_sunda_stink_badger,5,Sunda stink badgers usually forage at night and rest in burrows by day.,https://animalia.bio/sunda-stink-badger?utm_source=chatgpt.com,PASS,,
sp_sunda_stink_badger,6,Sunda stink badgers search soil for food using their snouts and strong front claws.,https://animaldiversity.org/accounts/Mydaus_javanensis/?utm_source=chatgpt.com,PASS,,
sp_sunda_stink_badger,7,Sunda stink badgers can conceal burrow entrances using twigs and dry leaves.,https://animaldiversity.org/accounts/Mydaus_javanensis/?utm_source=chatgpt.com,PASS,,
sp_sunda_stink_badger,8,"Sunda stink badgers eat plants as well as worms, insects and bird eggs.",https://animalia.bio/sunda-stink-badger?utm_source=chatgpt.com,PASS,,
sp_sunda_stink_badger,9,Sunda stink badgers have been reported to produce two or three young per litter,"https://animalia.bio/sunda-stink-badger?utm_source=chatgpt.com
https://en.wikipedia.org/wiki/Sunda_stink_badger?utm_source=chatgpt.com",PASS,,
sp_sunda_stink_badger,10,"The Sunda stink badger has a short tail, reported as about 3.6 cm or 5–7.5 cm.","https://en.wikipedia.org/wiki/Sunda_stink_badger?utm_source=chatgpt.com
https://animalia.bio/sunda-stink-badger?utm_source=chatgpt.com",PASS,,
sp_sunda_clouded_leopard,1,"Sunda clouded leopards live on Borneo and Sumatra, including Malaysia’s Sabah and Sarawak.",https://www.ecologyasia.com/verts/mammals/sunda-clouded-leopard.htm?utm_source=chatgpt.com,PASS,,
sp_sunda_clouded_leopard,2,The Sunda clouded leopard is the largest wild cat species on Borneo.,https://www.ecologyasia.com/verts/mammals/sunda-clouded-leopard.htm?utm_source=chatgpt.com,PASS,,
sp_sunda_clouded_leopard,3,The Sunda clouded leopard gets its name from cloud-like coat markings containing smaller spots.,https://www.worldlandtrust.org/species/sunda-clouded-leopard/?utm_source=chatgpt.com,PASS,,
sp_sunda_clouded_leopard,4,The Sunda clouded leopard’s tail can match the body in length and helps with balance.,https://en.wikipedia.org/wiki/Sunda_clouded_leopard?utm_source=chatgpt.com,PASS,,
sp_sunda_clouded_leopard,5,"Sunda clouded leopards have canine teeth about 5.1 cm long, proportionally longer than those of any other living cat.",https://en.wikipedia.org/wiki/Sunda_clouded_leopard?utm_source=chatgpt.com,PASS,,
sp_sunda_clouded_leopard,6,Sunda clouded leopards can climb headfirst down tree trunks using flexible hind-leg joints.,https://www.worldlandtrust.org/species/sunda-clouded-leopard/?utm_source=chatgpt.com,PASS,,
sp_sunda_clouded_leopard,7,"Sunda clouded leopards hunt mammals including porcupines, civets, deer and pigs.",https://www.ecologyasia.com/verts/mammals/sunda-clouded-leopard.htm?utm_source=chatgpt.com,PASS,,
sp_sunda_clouded_leopard,8,Researchers identified four Sunda clouded leopards from their tracks during a 2005 study in Tabin Wildlife Reserve.,https://en.wikipedia.org/wiki/Sunda_clouded_leopard?utm_source=chatgpt.com,PASS,,
sp_sunda_clouded_leopard,9,"Sunda clouded leopards can survive in partly logged forests, although fewer generally occupy a given area.",https://www.ecologyasia.com/verts/mammals/sunda-clouded-leopard.htm?utm_source=chatgpt.com,PASS,,
sp_sunda_clouded_leopard,10,Forest loss threatens Sunda clouded leopards by reducing living space and available prey.,https://www.worldlandtrust.org/species/sunda-clouded-leopard/?utm_source=chatgpt.com,PASS,,
sp_clouded_leopard,1,The mainland clouded leopard lives in Peninsular Malaysia; Borneo has the Sunda clouded leopard.,"https://en.wikipedia.org/wiki/Clouded_leopard?utm_source=chatgpt.com
https://globalconservation.org/endangered-species/clouded-leopard?utm_source=chatgpt.com",PASS,,
sp_clouded_leopard,2,The clouded leopard’s cloud-shaped markings help conceal the cat.,https://globalconservation.org/endangered-species/clouded-leopard?utm_source=chatgpt.com,PASS,,
sp_clouded_leopard,3,The clouded leopard uses a 61–91 cm tail for balance in trees.,https://en.wikipedia.org/wiki/Clouded_leopard?utm_source=chatgpt.com,PASS,,
sp_clouded_leopard,4,The clouded leopard can climb down tree trunks headfirst.,https://zootaiping.gov.my/en/animal/127/details?utm_source=chatgpt.com,PASS,,
sp_clouded_leopard,5,The clouded leopard can suspend the body from branches using the hind legs.,https://zootaiping.gov.my/en/animal/127/details?utm_source=chatgpt.com,PASS,,
sp_clouded_leopard,6,"The clouded leopard eats animals including deer, birds, monkeys and porcupines.",https://zootaiping.gov.my/en/animal/127/details?utm_source=chatgpt.com,PASS,,
sp_clouded_leopard,7,A photograph from northern Peninsular Malaysia caught a clouded leopard carrying a binturong!,https://en.wikipedia.org/wiki/Clouded_leopard?utm_source=chatgpt.com,PASS,,
sp_clouded_leopard,8,The clouded leopard has the longest canine teeth relative to body size among living cats,https://globalconservation.org/endangered-species/clouded-leopard?utm_source=chatgpt.com,PASS,,
sp_clouded_leopard,9,Clouded leopard cubs open their eyes approximately 10 days after birth.,https://en.wikipedia.org/wiki/Clouded_leopard?utm_source=chatgpt.com,PASS,,
sp_clouded_leopard,10,The clouded leopard is threatened by forest destruction and illegal hunting.,https://globalconservation.org/endangered-species/clouded-leopard?utm_source=chatgpt.com,PASS,,
sp_blyth_s_hawk_eagle,1,Blyth’s hawk-eagle has been recorded in Sabah and six states on the Malaysian peninsula!,https://www.mybis.gov.my/sp/57393?utm_source=chatgpt.com,PASS,,
sp_blyth_s_hawk_eagle,2,Blyth’s hawk-eagle lives on both a peninsula and large Southeast Asian islands!,https://en.wikipedia.org/wiki/Blyth%27s_hawk-eagle?utm_source=chatgpt.com,PASS,,
sp_blyth_s_hawk_eagle,3,"Blyth’s hawk-eagle is roughly half a metre long, sometimes a little more!",https://www.thainationalparks.com/species/blyths-hawk-eagle?utm_source=chatgpt.com,PASS,,
sp_blyth_s_hawk_eagle,4,Adult Blyth’s hawk-eagles have a broad white tail band visible from above and below.,https://en.wikipedia.org/wiki/Blyth%27s_hawk-eagle?utm_source=chatgpt.com,PASS,,
sp_blyth_s_hawk_eagle,5,"Young Blyth’s hawk-eagles are dark brown above, with lighter brown heads and undersides.","https://www.thainationalparks.com/species/blyths-hawk-eagle?utm_source=chatgpt.com
https://en.wikipedia.org/wiki/Blyth%27s_hawk-eagle?utm_source=chatgpt.com",PASS,,
sp_blyth_s_hawk_eagle,6,A Blyth’s hawk-eagle family starts with one egg in a treetop stick nest!,https://www.thainationalparks.com/species/blyths-hawk-eagle?utm_source=chatgpt.com,PASS,,
sp_blyth_s_hawk_eagle,7,Blyth’s hawk-eagle can raise the crest while perched; the crest is hidden in flight.,https://ebird.org/species/blyhae1?utm_source=chatgpt.com,PASS,,
sp_blyth_s_hawk_eagle,8,"Adult Blyth’s hawk-eagles display broad, rounded wings in flight.",https://ebird.org/species/blyhae1?utm_source=chatgpt.com,PASS,,
sp_blyth_s_hawk_eagle,9,Mountain forests are a place to look for Blyth’s hawk-eagle!,https://ebird.org/species/blyhae1?utm_source=chatgpt.com,PASS,,
sp_blyth_s_hawk_eagle,10,"Young Blyth’s hawk-eagles resemble Wallace’s hawk-eagles, but size and elevation provide identification clues.",https://ebird.org/species/blyhae1?utm_source=chatgpt.com,PASS,,
sp_changeable_hawk_eagle,1,"The changeable hawk-eagle has been recorded across Malaysia, including Sabah and seven states on the peninsula!",https://www.mybis.gov.my/sp/57394?utm_source=chatgpt.com,PASS,,
sp_changeable_hawk_eagle,2,Changeable hawk-eagles can have pale or dark plumage.,https://ebird.org/species/y00839/MY?utm_source=chatgpt.com,PASS,,
sp_changeable_hawk_eagle,3,"The changeable hawk-eagle uses forests, their edges, large parks and plantations",https://ebird.org/species/y00839/MY?utm_source=chatgpt.com,PASS,,
sp_changeable_hawk_eagle,4,A dark changeable hawk-eagle can be distinguished from dark honey-buzzards by longer wings and a slimmer profile.,https://ebird.org/species/y00839/MY?utm_source=chatgpt.com,PASS,,
sp_changeable_hawk_eagle,5,"A changeable hawk-eagle on the Malay Peninsula may have a tiny feather “hairstyle”, or none!",https://en.wikipedia.org/wiki/Changeable_hawk-eagle?utm_source=chatgpt.com,PASS,,
sp_changeable_hawk_eagle,6,The changeable hawk-eagle has feathers covering the legs.,https://en.wikipedia.org/wiki/Changeable_hawk-eagle?utm_source=chatgpt.com,PASS,,
sp_changeable_hawk_eagle,7,The changeable hawk-eagle hunts by watching from a perch and swooping onto prey.,https://www.rekoforest.org/field-stories/wildlife-of-rer-changeable-hawk-eagle/?utm_source=chatgpt.com,PASS,,
sp_changeable_hawk_eagle,8,The changeable hawk-eagle can catch prey close to the water’s surface.,https://www.rekoforest.org/field-stories/wildlife-of-rer-changeable-hawk-eagle/?utm_source=chatgpt.com,PASS,,
sp_changeable_hawk_eagle,9,"Changeable hawk-eagle pairs may reuse nests, with both adults making repairs.",https://www.rekoforest.org/field-stories/wildlife-of-rer-changeable-hawk-eagle/?utm_source=chatgpt.com,PASS,,
sp_changeable_hawk_eagle,10,A mother changeable hawk-eagle spends about 40 days keeping one egg warm!,https://www.rekoforest.org/field-stories/wildlife-of-rer-changeable-hawk-eagle/?utm_source=chatgpt.com,PASS,,
sp_dark_necked_tailorbird,1,"A dark-necked tailorbird was observed at the Rainforest Discovery Centre in Sepilok, Sabah.",https://besgroup.org/2016/06/10/dark-necked-tailorbird-in-ne-borneo/?utm_source=chatgpt.com,PASS,,
sp_dark_necked_tailorbird,2,Dark-necked tailorbirds inhabit moist lowland forests and mangrove forests.,https://en.wikipedia.org/wiki/Dark-necked_tailorbird?utm_source=chatgpt.com,PASS,,
sp_dark_necked_tailorbird,3,"Dark-necked tailorbirds have olive backs, pale undersides and reddish-brown crowns.",https://ebird.org/species/dantai1?utm_source=chatgpt.com,PASS,,
sp_dark_necked_tailorbird,4,Male dark-necked tailorbirds have a dark neck patch that is sometimes hidden.,https://ebird.org/species/dantai1?utm_source=chatgpt.com,PASS,,
sp_dark_necked_tailorbird,5,Dark-necked tailorbirds have more extensive reddish-brown crowns than common tailorbirds.,https://ebird.org/species/dantai1?utm_source=chatgpt.com,PASS,,
sp_dark_necked_tailorbird,6,Dark-necked tailorbirds often sing trilled phrases in duets.,https://ebird.org/species/dantai1?utm_source=chatgpt.com,PASS,,
sp_dark_necked_tailorbird,7,Dark-necked tailorbirds can be shy and remain deep within tangled vegetation.,https://ebird.org/species/dantai1?utm_source=chatgpt.com,PASS,,
sp_dark_necked_tailorbird,8,A dark-necked tailorbird’s greenish tail is a useful identification clue in Borneo.,https://besgroup.org/2016/06/10/dark-necked-tailorbird-in-ne-borneo/?utm_source=chatgpt.com,PASS,,
sp_dark_necked_tailorbird,9,Dark-necked tailorbirds can look different across Malaysia: one Sabah bird had especially yellow underparts!,https://besgroup.org/2016/06/10/dark-necked-tailorbird-in-ne-borneo/?utm_source=chatgpt.com,PASS,,
sp_dark_necked_tailorbird,10,A dark-necked tailorbird found a leafy spot beside a Singapore railway!,https://www.ecologyasia.com/verts/birds/tailorbirds.htm?utm_source=chatgpt.com,PASS,,
sp_rufous_browed_babbler,1,"The rufous-fronted babbler occurs on the Malay Peninsula, Sumatra and Borneo.",https://en.wikipedia.org/wiki/Rufous-fronted_babbler?utm_source=chatgpt.com,PASS,,
sp_rufous_browed_babbler,2,"The rufous-fronted babbler is a little bird, only about 12 cm long!",https://en.wikipedia.org/wiki/Rufous-fronted_babbler?utm_source=chatgpt.com,PASS,,
sp_rufous_browed_babbler,3,The rufous-fronted babbler weighs approximately 9–12 grams.,https://en.wikipedia.org/wiki/Rufous-fronted_babbler?utm_source=chatgpt.com,PASS,,
sp_rufous_browed_babbler,4,The rufous-fronted babbler has brown plumage and a reddish crown.,https://en.wikipedia.org/wiki/Rufous-fronted_babbler?utm_source=chatgpt.com,PASS,,
sp_rufous_browed_babbler,5,The rufous-fronted babbler sings a high-pitched series of repeated notes.,https://en.wikipedia.org/wiki/Rufous-fronted_babbler?utm_source=chatgpt.com,PASS,,
sp_rufous_browed_babbler,6,The rufous-fronted babbler favours thick undergrowth and bamboo in open forests and clearings.,https://birdsoftheworld.org/bow/species/rufbab10/cur/introduction?utm_source=chatgpt.com,PASS,,
sp_rufous_browed_babbler,7,The rufous-fronted babbler can be elusive even where the species is common.,https://birdsoftheworld.org/bow/species/rufbab10/cur/introduction?utm_source=chatgpt.com,PASS,,
sp_rufous_browed_babbler,8,"The rufous-fronted babbler resembles the rufous-capped babbler in looks and voice, complicating identification where their ranges overlap.",https://birdsoftheworld.org/bow/species/rufbab10/cur/introduction?utm_source=chatgpt.com,PASS,,
sp_rufous_browed_babbler,9,The rufous-fronted babbler may benefit when forest clearance creates suitable scrubby habitat.,https://birdsoftheworld.org/bow/species/rufbab10/cur/introduction?utm_source=chatgpt.com,PASS,,
sp_rufous_browed_babbler,10,The rufous-fronted babbler still has family-life secrets! Most known breeding details come from the Thai-Malay Peninsula.,https://birdsoftheworld.org/bow/species/rufbab10/cur/introduction?utm_source=chatgpt.com,PASS,,
sp_short_tailed_babbler,1,Short-tailed babblers live across the Malay Peninsula and the islands of Sumatra and Borneo!,https://singaporebirds.com/species/short-tailed-babbler?utm_source=chatgpt.com,PASS,,
sp_short_tailed_babbler,2,The short-tailed babbler measures 13.5–15.5 cm.,https://singaporebirds.com/species/short-tailed-babbler?utm_source=chatgpt.com,PASS,,
sp_short_tailed_babbler,3,Short-tailed babblers have long legs and very short tails.,https://ebird.org/species/shtbab1?utm_source=chatgpt.com,PASS,,
sp_short_tailed_babbler,4,"Adult short-tailed babblers have black moustache-like markings, grey cheek-area feathers and white throats.",https://singaporebirds.com/species/short-tailed-babbler?utm_source=chatgpt.com,PASS,,
sp_short_tailed_babbler,5,Young short-tailed babblers resemble adults but have browner sides to their heads,https://singaporebirds.com/species/short-tailed-babbler?utm_source=chatgpt.com,PASS,,
sp_short_tailed_babbler,6,Short-tailed babblers hunt insects down near the forest floor!,https://singaporebirds.com/species/short-tailed-babbler?utm_source=chatgpt.com,PASS,,
sp_short_tailed_babbler,7,Short-tailed babblers are usually encountered alone or in pairs.,https://ebird.org/species/shtbab1?utm_source=chatgpt.com,PASS,,
sp_short_tailed_babbler,8,"A short-tailed babbler’s song starts with chatter, then about six whistles that drop in pitch!",https://ebird.org/species/shtbab1?utm_source=chatgpt.com,PASS,,
sp_short_tailed_babbler,9,Short-tailed babbler calls can resemble insects or mechanical sounds.,https://ebird.org/species/shtbab1?utm_source=chatgpt.com,PASS,,
sp_short_tailed_babbler,10,Short-tailed babblers can live in rainforest that has regrown after earlier disturbance!,https://www.ecologyasia.com/verts/birds/jungle-babblers.htm?utm_source=chatgpt.com,PASS,,
sp_honey_buzzard,1,"Crested honey buzzards have been recorded in many Malaysian places, from Johor to Perlis!",https://www.mybis.gov.my/sp/22175?utm_source=chatgpt.com,PASS,,
sp_honey_buzzard,2,"Malay crested honey buzzards breed on the Malay Peninsula, Sumatra and Borneo.",https://en.wikipedia.org/wiki/Crested_honey_buzzard?utm_source=chatgpt.com,PASS,,
sp_honey_buzzard,3,Crested honey buzzards mainly eat bee and wasp larvae.,https://en.wikipedia.org/wiki/Crested_honey_buzzard?utm_source=chatgpt.com,PASS,,
sp_honey_buzzard,4,Crested honey buzzards’ dense feathers provide partial sting protection.,https://en.wikipedia.org/wiki/Crested_honey_buzzard?utm_source=chatgpt.com,PASS,,
sp_honey_buzzard,5,Crested honey buzzards extract larvae using grooved tongues.,https://en.wikipedia.org/wiki/Crested_honey_buzzard?utm_source=chatgpt.com,PASS,,
sp_honey_buzzard,6,Crested honey buzzards are nearly 60 cm long!,https://en.wikipedia.org/wiki/Crested_honey_buzzard?utm_source=chatgpt.com,PASS,,
sp_honey_buzzard,7,Female crested honey buzzards normally lay two eggs.,https://en.wikipedia.org/wiki/Crested_honey_buzzard?utm_source=chatgpt.com,PASS,,
sp_honey_buzzard,8,Crested honey buzzard parents share chick-raising duties!,https://en.wikipedia.org/wiki/Crested_honey_buzzard?utm_source=chatgpt.com,PASS,,
sp_honey_buzzard,9,"Crested honey buzzards have small, pigeon-like heads.",https://en.wikipedia.org/wiki/Crested_honey_buzzard?utm_source=chatgpt.com,PASS,,
sp_honey_buzzard,10,Crested honey buzzards often soar alone or in pairs.,https://en.wikipedia.org/wiki/Crested_honey_buzzard?utm_source=chatgpt.com,PASS,,
sp_spotted_giant_flying_squirrel,1,"Spotted giant flying squirrels live high in Malaysia’s hills, including Fraser’s Hill!",https://www.ecologyasia.com/verts/mammals/spotted-giant-flying-squirrel.htm?utm_source=chatgpt.com,PASS,,
sp_spotted_giant_flying_squirrel,2,Spotted giant flying squirrels glide between trees using a skin membrane between their limbs.,https://en.wikipedia.org/wiki/Spotted_giant_flying_squirrel?utm_source=chatgpt.com,PASS,,
sp_spotted_giant_flying_squirrel,3,Nighttime is activity time for spotted giant flying squirrels!,https://animalia.bio/spotted-giant-flying-squirrel?utm_source=chatgpt.com,PASS,,
sp_spotted_giant_flying_squirrel,4,Spotted giant flying squirrels usually rest in tree hollows during the day.,https://animalia.bio/spotted-giant-flying-squirrel?utm_source=chatgpt.com,PASS,,
sp_spotted_giant_flying_squirrel,5,"Spotted giant flying squirrels eat fruits, seeds, leaves, buds and flowers.",https://animalia.bio/spotted-giant-flying-squirrel?utm_source=chatgpt.com,PASS,,
sp_spotted_giant_flying_squirrel,6,Spotted giant flying squirrels in Peninsular Malaysia vary in how heavily their coats are spotted.,https://www.ecologyasia.com/verts/mammals/spotted-giant-flying-squirrel.htm?utm_source=chatgpt.com,PASS,,
sp_spotted_giant_flying_squirrel,7,Young spotted giant flying squirrels of the northern Bornean form may lack white spots.,https://en.wikipedia.org/wiki/Spotted_giant_flying_squirrel?utm_source=chatgpt.com,PASS,,
sp_spotted_giant_flying_squirrel,8,"Spotted giant flying squirrels usually have one baby per litter, occasionally two.",https://en.wikipedia.org/wiki/Spotted_giant_flying_squirrel?utm_source=chatgpt.com,PASS,,
sp_spotted_giant_flying_squirrel,9,Acorn-rich oak trees attracted spotted giant flying squirrels at Fraser’s Hill!,https://www.ecologyasia.com/verts/mammals/spotted-giant-flying-squirrel.htm?utm_source=chatgpt.com,PASS,,
sp_spotted_giant_flying_squirrel,10,"Spotted giant flying squirrel head-and-body length is reported as 29.5–40 cm, or up to 36 cm.",https://en.wikipedia.org/wiki/Spotted_giant_flying_squirrel?utm_source=chatgpt.com,PASS,,
sp_crimson_winged_woodpecker,1,"Its name says it all, look for those flashy brick-red wing patches against a mostly green body.",https://www.orangutan.or.id/the-crimson-winged-woodpecker,PASS,,
sp_crimson_winged_woodpecker,2,"You can spot the males by their little maroon ""mustache"" stripe, the females don't have one.","https://ebird.org/species/crwwoo1
https://www.birdforum.net/opus/Picus_puniceus",PASS,,
sp_crimson_winged_woodpecker,3,"On top of its red and green colors, this bird also sports a bright yellow crest at the back of its head.","https://ebird.org/species/crwwoo1
https://www.birdforum.net/opus/Picus_puniceus",PASS,,
sp_crimson_winged_woodpecker,4,"Mom and dad woodpecker dig out the nest hole together, and they take turns sitting on the 2 to 4 eggs too.",https://www.orangutan.or.id/the-crimson-winged-woodpecker,PASS,,
sp_crimson_winged_woodpecker,5,"Once this woodpecker is done with a nest hole, other birds and small animals often move right in and use it as their own home.",https://www.orangutan.or.id/the-crimson-winged-woodpecker,PASS,,
sp_crimson_winged_woodpecker,6,"This woodpecker mostly hunts bugs, but it also snacks on figs, and has even been seen sipping nectar straight from flowers!","https://fladder.app/en/birds/crimson-winged-woodpecker
https://www.orangutan.or.id/the-crimson-winged-woodpecker",PASS,,
sp_crimson_winged_woodpecker,7,"Listen for a sharp ""kee-dee, dee, dee"" call, that repeating sound is how this woodpecker announces itself.",https://ebird.org/species/crwwoo1,PASS,,
sp_crimson_winged_woodpecker,8,"It usually hunts alone or with just one partner, calmly working its way along tree trunks high up in the canopy.",https://ebird.org/species/crwwoo1,PASS,,
sp_crimson_winged_woodpecker,9,"Rangers patrolling a forest set aside for releasing rescued orangutans spotted this woodpecker too, a good sign the whole forest is healthy.",https://www.orangutan.or.id/the-crimson-winged-woodpecker,PASS,,
sp_crimson_winged_woodpecker,10,"This woodpecker has been spotted right here in Malaysia, including at Bukit Fraser in Selangor.",https://macaulaylibrary.org/asset/623833650,PASS,,
sp_western_hooded_pitta,1,"The exact type of this bird found in Malaysia also lives across Sumatra, Java, and Borneo, it's a true island-hopper.",https://en.wikipedia.org/wiki/Western_hooded_pitta,PASS,,
sp_western_hooded_pitta,2,"Its scientific name literally means ""shabby"" or ""dirty"" in Latin, which seems unfair for such a colorful bird!",https://en.wikipedia.org/wiki/Western_hooded_pitta,PASS,,
sp_western_hooded_pitta,3,"The Western Hooded Pitta bounces around the forest floor almost like a luminous ball, and despite its bright colors, can be surprisingly difficult to spot in the shaded understory.",https://ebird.org/species/wehpit1,PASS,,
sp_western_hooded_pitta,4,"Western Hooded Pittas from the Himalayas east through mainland Southeast Asia have a warm brown crown stripe and are migratory, occasionally turning up far outside their normal range, even in city parks.",https://ebird.org/species/wehpit1,PASS,,
sp_western_hooded_pitta,5,"The Western Hooded Pitta is known for mimicking the calls of other forest birds, which can make identifying it by sound alone especially tricky.",https://fladder.app/en/birds/western-hooded-pitta,PASS,,
sp_western_hooded_pitta,6,Mom and dad both take turns sitting on the eggs and looking after the chicks once they hatch.,https://en.wikipedia.org/wiki/Western_hooded_pitta,PASS,,
sp_western_hooded_pitta,7,"This bird calls out ""qweeek-qweeek"" over and over to guard its territory, sometimes even all through the night","https://en.wikipedia.org/wiki/Western_hooded_pitta
https://app.birda.org/species-guide/14271/Hooded_Pitta",PASS,,
sp_western_hooded_pitta,8,"Instead of building a nest up in a tree, this bird makes its nest right on the forest floor.",https://en.wikipedia.org/wiki/Western_hooded_pitta,PASS,,
sp_western_hooded_pitta,9,"Scientists used to think this bird and four of its close species were all the exact same species, until further study split them apart.",https://en.wikipedia.org/wiki/Western_hooded_pitta,PASS,,
sp_western_hooded_pitta,10,"In 2010 one of these birds somehow ended up all the way in Australia, thousands of kilometres from home, the first time this species was ever confirmed there.",https://archive.org/download/biostor-264660/biostor-264660.pdf,PASS,,
sp_malayan_peacock_pheasant,1,"The Malayan Peacock-Pheasant is one of the shortest-tailed peacock-pheasants, with adult males about 50 cm long, roughly half of that made up by the tail.",https://en.wikipedia.org/wiki/Malayan_peacock-pheasant,PASS,,
sp_malayan_peacock_pheasant,2,"When a male wants to impress a mate, the bare skin around his eyes actually changes color, turning bright orange-red.",https://en.wikipedia.org/wiki/Malayan_peacock-pheasant,PASS,,
sp_malayan_peacock_pheasant,3,"Most pheasants lay several eggs at once, but this one is known for laying just a single egg.",https://en.wikipedia.org/wiki/Malayan_peacock-pheasant,PASS,,
sp_malayan_peacock_pheasant,4,"The male clears a small patch of forest floor as his own personal stage, and calls out from it to stay in touch with his family.",https://en.wikipedia.org/wiki/Malayan_peacock-pheasant,PASS,,
sp_malayan_peacock_pheasant,5,"This bird doesn't just show off its feathers, it can actually make clicking, buzzing sounds using its feather quills too!",https://en.wikipedia.org/wiki/Malayan_peacock-pheasant,PASS,,
sp_malayan_peacock_pheasant,6,"In just about ten years, two out of every three of these birds disappeared, mostly because the forests they need were cut down.",https://en.wikipedia.org/wiki/Malayan_peacock-pheasant,PASS,,
sp_malayan_peacock_pheasant,7,Nearly all of these birds left in the world now live inside protected Malaysian parks like Taman Negara.,https://en.wikipedia.org/wiki/Malayan_peacock-pheasant,PASS,,
sp_malayan_peacock_pheasant,8,"This bird's confirmed sightings in Malaysia are concentrated in just two states, Perak and Selangor.",https://www.mybis.gov.my/sp/22333,PASS,,
sp_malayan_peacock_pheasant,9,"This bird needs real, untouched forest low in the hills, it almost never lives much higher than 300 metres up.",https://en.wikipedia.org/wiki/Malayan_peacock-pheasant,PASS,,
sp_malayan_peacock_pheasant,10,"In 1993, there were nearly 200 of these birds being carefully tracked and bred across 35 zoos around the world.",https://en.wikipedia.org/wiki/Malayan_peacock-pheasant,PASS,,
sp_bornean_orangutan,1,"Its name literally means ""person of the forest"" in Malay!",https://malaysianwildlife.org/bornean-orangutan-pongo-pygmaeus/,PASS,,
sp_bornean_orangutan,2,"Almost all of Sarawak's wild orangutans, about 80 percent of them, live in just two protected areas.",https://malaysia.wcs.org/Wildlife/Orangutan.aspx,PASS,,
sp_bornean_orangutan,3,"Sarawak's orangutans belong to their very own subspecies, and their protected home forest is the largest safe space this subspecies has anywhere.","https://malaysia.wcs.org/Wildlife/Orangutan.aspx
https://en.wikipedia.org/wiki/Bornean_orangutan",PASS,,
sp_bornean_orangutan,4,"This orangutan shares about 97 percent of its DNA with us, we're closer relatives than you might think!",https://malaysianwildlife.org/bornean-orangutan-pongo-pygmaeus/,PASS,,
sp_bornean_orangutan,5,This orangutan actually makes its own umbrella out of leafy branches to stay dry in the rain!,https://en.wikipedia.org/wiki/Bornean_orangutan,PASS,,
sp_bornean_orangutan,6,"Believe it or not, this mostly fruit-eating ape has sometimes been spotted catching fish with its bare hands.",https://en.wikipedia.org/wiki/Bornean_orangutan,PASS,,
sp_bornean_orangutan,7,"This orangutan spends more time walking on the ground than its Sumatran cousin does, mostly because Borneo has no tigers to worry about.",https://en.wikipedia.org/wiki/Bornean_orangutan,PASS,,
sp_bornean_orangutan,8,"Baby orangutans stay close to their mums for up to 9 years, one of the longest childhoods of any animal on land.","https://en.wikipedia.org/wiki/Bornean_orangutan
https://malaysianwildlife.org/bornean-orangutan-pongo-pygmaeus/",PASS,,
sp_bornean_orangutan,9,"Sabah is home to the world's very first official orangutan rescue centre, opened all the way back in 1964.","https://www.orangutan-appeal.org.uk/resources/borneo
https://en.wikipedia.org/wiki/Bornean_orangutan",PASS,,
sp_bornean_orangutan,10,"Between 1985 and 2005, Borneo lost forest the size of a small country every single year, which is a huge reason this orangutan is now critically endangered.",https://www.orangutan-appeal.org.uk/resources/borneo,PASS,,
sp_white_thighed_surili,1,"This little monkey lives across most of Peninsular Malaysia, especially in states like Perak and Pahang.",https://neprimateconservancy.org/white-thighed-surili/,PASS,,
sp_white_thighed_surili,2,"Depending where you are in Asia, this exact type of monkey gets a totally different name, ""surili"" here in Malaysia, ""langur"" elsewhere.",https://neprimateconservancy.org/white-thighed-surili/,PASS,,
sp_white_thighed_surili,3,"The dad of the group will actually try to distract a predator on purpose, giving everyone else a chance to run to safety.",https://neprimateconservancy.org/white-thighed-surili/,PASS,,
sp_white_thighed_surili,4,"The White-thighed Surili has a large, multi-chambered stomach that ferments and neutralizes plant toxins, letting it safely digest young leaves.",https://neprimateconservancy.org/white-thighed-surili/,PASS,,
sp_white_thighed_surili,5,"Baby surilis are born almost completely white with a dark cross-shaped mark on their back, nothing like their grown-up grey-brown coat.",https://neprimateconservancy.org/white-thighed-surili/,PASS,,
sp_white_thighed_surili,6,"You can find this monkey living in two of Malaysia's protected wildlife areas, Taman Negara and Krau Wildlife Reserve.",https://neprimateconservancy.org/white-thighed-surili/,PASS,,
sp_white_thighed_surili,7,"Nearly a third of this monkey's population has disappeared over the past 30 years, mostly because of logging.",https://neprimateconservancy.org/white-thighed-surili/,PASS,,
sp_white_thighed_surili,8,"Its scientific name actually means ""elderly man"" in ancient Greek, though some translate it as ""ambassador"" instead.",https://neprimateconservancy.org/white-thighed-surili/,PASS,,
sp_white_thighed_surili,9,"This monkey has a taste for curled-up baby fern leaves called fiddleheads, plus morning glory flowers.",https://neprimateconservancy.org/white-thighed-surili/,PASS,,
sp_white_thighed_surili,10,"The White-thighed Surili is one of three Presbytis species endemic to Malaysia, and genetic studies show ongoing gene flow between it and its close relative, Robinson's banded langur, despite the two being considered distinct species.",https://en.wikipedia.org/wiki/White-thighed_surili,PASS,,
sp_mainland_leopard_cat,1,"This is the only wild cat tough enough to survive living inside palm oil plantations, mostly because there are so many rats to eat there!",https://www.ecologyasia.com/verts/mammals/mainland-leopard-cat.htm,PASS,,
sp_mainland_leopard_cat,2,"This cat can live almost anywhere, but sadly it's most often spotted crossing roads at night, which puts it at real risk from passing cars.",https://www.ecologyasia.com/verts/mammals/mainland-leopard-cat.htm,PASS,,
sp_mainland_leopard_cat,3,Researchers have confirmed sightings of this cat in named forest reserves across four different Malaysian states.,https://www.mybis.gov.my/art/249,PASS,,
sp_mainland_leopard_cat,4,The Mainland Leopard Cat's markings vary enough between individuals that researchers can identify specific cats just from their unique spot patterns.,https://www.ecologyasia.com/verts/mammals/mainland-leopard-cat.htm,PASS,,
sp_mainland_leopard_cat,5,"This cat's family tree connects it to some unusual cousins, including the fish-hunting flat-headed cat found in the very same forests.",https://en.wikipedia.org/wiki/Leopard_cat,PASS,,
sp_mainland_leopard_cat,6,"This cat is doing fine worldwide overall, but in some countries like Nepal, its local population is actually considered at risk.",https://www.catsg.org/living-species-leopardcat,PASS,,
sp_mainland_leopard_cat,7,"On one small Singapore island, these cats live in huge numbers, and interestingly, each individual seems to stick to just one type of habitat, either the plantation or the forest, not both.",https://www.catsg.org/living-species-leopardcat,PASS,,
sp_mainland_leopard_cat,8,"Long before house cats existed, ancient people in China actually tamed leopard cats first, thousands of years ago!",https://en.wikipedia.org/wiki/Leopard_cat,PASS,,
sp_mainland_leopard_cat,9,This cat is such a good swimmer that it has managed to colonize islands off the coast all on its own.,https://www.catsg.org/living-species-leopardcat,PASS,,
sp_mainland_leopard_cat,10,"It hunts by staying quiet and sneaking up on its prey, rather than chasing it down.",https://www.mybis.gov.my/art/249,PASS,,
sp_flat_headed_cat,1,"There may be fewer than 2,500 of these cats left in the entire world, and scientists still barely know anything about how they live.","https://www.rekoforest.org/field-stories/wildlife-of-rer-flat-headed-cat/
https://en.wikipedia.org/wiki/Flat-headed_cat",PASS,,
sp_flat_headed_cat,2,"Most cats can hide their claws completely, but this one can't, its claws always poke out a little, perfect for grabbing slippery fish.","https://www.catsg.org/living-species-flatheadedcat
https://www.ecologyasia.com/verts/mammals/flat-headed-cat.htm
https://www.rekoforest.org/field-stories/wildlife-of-rer-flat-headed-cat/",PASS,,
sp_flat_headed_cat,3,"Its toes are even more webbed than the fishing cat's, another famous fish-hunting cat, making it a true water specialist.","https://en.wikipedia.org/wiki/Flat-headed_cat
https://www.catsg.org/living-species-flatheadedcat",PASS,,
sp_flat_headed_cat,4,"It dunks its whole head underwater to grab a fish, then carries it far from the water's edge so the fish can't wriggle free and swim off.","https://en.wikipedia.org/wiki/Flat-headed_cat
https://www.catsg.org/living-species-flatheadedcat",PASS,,
sp_flat_headed_cat,5,Scientists were surprised to find this water-loving cat living near oil palm plantations in a Malaysian forest with no big rivers at all.,https://en.wikipedia.org/wiki/Flat-headed_cat,PASS,,
sp_flat_headed_cat,6,"Globally this cat is considered Endangered, but Malaysia's own regional wildlife assessment rates it one notch less serious, Near Threatened.",https://www.mybis.gov.my/sp/20360,PASS,,
sp_flat_headed_cat,7,"This rare cat has actually turned up several times in Sarawak's national parks, including sightings right along the Sarawak River itself.",https://www.catsg.org/living-species-flatheadedcat,PASS,,
sp_flat_headed_cat,8,"For almost 30 years everyone thought this cat had disappeared from Thailand completely, until camera traps proved it was still there in 2024 and 2025!",https://en.wikipedia.org/wiki/Flat-headed_cat,PASS,,
sp_flat_headed_cat,9,"The Flat-headed Cat marks its territory in an unusual way for a cat, walking forward in a crouching position and leaving a urine trail on the ground, rather than the typical backward spray most cats use.","https://en.wikipedia.org/wiki/Flat-headed_cat
https://www.catsg.org/living-species-flatheadedcat",PASS,,
sp_flat_headed_cat,10,"While some wild cats can adapt to living near palm oil farms, this one just can't, which is exactly why losing wetland forest is so dangerous for it.",https://www.ecologyasia.com/verts/mammals/flat-headed-cat.htm,PASS,,
sp_banded_linsang,1,"This animal looks like a civet, but DNA tests reveal it's actually more closely related to cats!","https://en.wikipedia.org/wiki/Banded_linsang
https://hoscap-borneo.org/wp-content/uploads/2016/08/prionodonlinsang_2016iucnassessment.pdf",PASS,,
sp_banded_linsang,2,"Its whole body is decorated in bold stripes and spots, and its tail alone has seven or eight rings running down it.","https://en.wikipedia.org/wiki/Banded_linsang
https://www.ecologyasia.com/verts/mammals/banded-linsang.htm
https://forestry.sarawak.gov.my/web/subpage/webpage_view/877
https://animaldiversity.org/accounts/Prionodon_linsang/",PASS,,
sp_banded_linsang,3,"It can pull its claws all the way in, just like a house cat, something most civet-like animals can't do.",https://forestry.sarawak.gov.my/web/subpage/webpage_view/877,PASS,,
sp_banded_linsang,4,"The Banded Linsangs living in Sarawak actually belong to their own special subspecies, confirmed at two specific forest sites there.",https://forestry.sarawak.gov.my/web/subpage/webpage_view/877,PASS,,
sp_banded_linsang,5,"Depending on which part of Malaysia you're in, this animal has different levels of legal protection, fully protected in some states, not in others.",https://hoscap-borneo.org/wp-content/uploads/2016/08/prionodonlinsang_2016iucnassessment.pdf,PASS,,
sp_banded_linsang,6,"This animal can live almost at sea level or high up a mountain, nearly 2,700 metres up, a huge range for such a small hunter.","https://hoscap-borneo.org/wp-content/uploads/2016/08/prionodonlinsang_2016iucnassessment.pdf
https://en.wikipedia.org/wiki/Banded_linsang",PASS,,
sp_banded_linsang,7,"Even though this animal lives across a huge area, scientists still haven't done a proper field study on how it actually behaves in the wild.",https://hoscap-borneo.org/wp-content/uploads/2016/08/prionodonlinsang_2016iucnassessment.pdf,PASS,,
sp_banded_linsang,8,"In a zoo, this animal can live for over ten years.","https://hoscap-borneo.org/wp-content/uploads/2016/08/prionodonlinsang_2016iucnassessment.pdf
https://animaldiversity.org/accounts/Prionodon_linsang/",PASS,,
sp_banded_linsang,9,"People used to call it the ""tiger-civet,"" even though we now know it isn't really a civet at all!",https://animaldiversity.org/accounts/Prionodon_linsang/,PASS,,
sp_banded_linsang,10,"This animal can actually cope living right next to oil palm plantations in parts of Malaysia, not just deep untouched jungle.",https://hoscap-borneo.org/wp-content/uploads/2016/08/prionodonlinsang_2016iucnassessment.pdf,PASS,,
sp_brown_rat,1,Brown Rats can grow to about 28 cm in head-and-body length and weigh around 140–500 g. Their tail is usually shorter than their body.,"https://www.ecologyasia.com/verts/mammals/brown-rat.htm
https://en.wikipedia.org/wiki/Brown_rat",PASS,,
sp_brown_rat,2,Their coarse fur is usually brown or brownish-grey above and becomes paler on the belly and chest. Their thick tail is typically darker above and paler below.,https://www.ecologyasia.com/verts/mammals/brown-rat.htm,PASS,,
sp_brown_rat,3,"Brown Rats are mainly nocturnal, meaning they are most active at night.","https://www.ecologyasia.com/verts/mammals/brown-rat.htm
https://en.wikipedia.org/wiki/Brown_rat",PASS,,
sp_brown_rat,4,They are excellent swimmers and can swim both on the water's surface and underwater.,"https://www.ecologyasia.com/verts/mammals/brown-rat.htm
https://en.wikipedia.org/wiki/Brown_rat",PASS,,
sp_brown_rat,5,"They are skilled diggers that can create extensive underground burrow systems; in cities, they also use drains and sewers as shelter.",https://en.wikipedia.org/wiki/Brown_rat,PASS,,
sp_brown_rat,6,"Brown Rats are omnivores and can eat many different foods. Cereals form an important part of their diet, while city rats can survive on discarded human food.",https://en.wikipedia.org/wiki/Brown_rat,PASS,,
sp_brown_rat,7,Brown Rats can communicate using ultrasonic sounds that are too high-pitched for humans to hear without special equipment.,https://en.wikipedia.org/wiki/Brown_rat,PASS,,
sp_brown_rat,8,"Their eyesight is relatively poor, but their eyes can detect ultraviolet light, which humans cannot see.",https://en.wikipedia.org/wiki/Brown_rat,PASS,,
sp_brown_rat,9,"A female can produce up to about five litters in a year. Pregnancy lasts only around 21 days, and a typical litter contains about seven pups.","https://www.ecologyasia.com/verts/mammals/brown-rat.htm
https://en.wikipedia.org/wiki/Brown_rat",PASS,,
sp_brown_rat,10,"Brown Rats are thought to have originated around northern China and neighbouring regions, but they have now spread to every continent except Antarctica.",https://en.wikipedia.org/wiki/Brown_rat,PASS,,
sp_malaysian_field_rat,1,"The Malaysian Field Rat is named after Pulau Tioman, an island off Peninsular Malaysia, and is also commonly called the ""Tioman rat.""",https://www.ecologyasia.com/verts/mammals/malaysian_wood_rat.htm,PASS,,
sp_malaysian_field_rat,2,Its tail is just about as long as the rest of its body put together.,"https://en.wikipedia.org/wiki/Malayan_field_rat
https://www.ecologyasia.com/verts/mammals/malaysian_wood_rat.htm",PASS,,
sp_malaysian_field_rat,3,"This rat is a great climber and comes out at night, hiding by day in piles of logs or right up inside a palm tree's crown.",https://en.wikipedia.org/wiki/Malayan_field_rat,PASS,,
sp_malaysian_field_rat,4,"This rat has a real taste for oil palm fruit, which is exactly why plantation farmers consider it a pest.",https://en.wikipedia.org/wiki/Malayan_field_rat,PASS,,
sp_malaysian_field_rat,5,"This rat actually evolved resistance to a common rat poison back in the 1980s, forcing plantations to switch to stronger stuff.",https://escholarship.org/uc/item/1cp4w2n1,PASS,,
sp_malaysian_field_rat,6,"If you spot a similar-looking rat, check for an orange spot near the ear, this rat doesn't have one, but a close species  lookalike does.",https://en.wikipedia.org/wiki/Malayan_field_rat,PASS,,
sp_malaysian_field_rat,7,"This little rat has even been found high up on Mount Kinabalu, Malaysia's tallest mountain.",https://www.ecologyasia.com/verts/mammals/malaysian_wood_rat.htm,PASS,,
sp_malaysian_field_rat,8,"Even though it lives close to farms, this rat almost never sneaks into houses, unlike a lot of its rat relatives.","https://en.wikipedia.org/wiki/Malayan_field_rat
https://www.ecologyasia.com/verts/mammals/malaysian_wood_rat.htm",PASS,,
sp_malaysian_field_rat,9,This rat has confirmed sightings in seven different Malaysian states plus Putrajaya.,https://www.mybis.gov.my/sp/20387,PASS,,
sp_malaysian_field_rat,10,"By being such easy prey in palm plantations, this rat might actually be helping keep wild leopard cats fed.",https://www.ecologyasia.com/verts/mammals/malaysian_wood_rat.htm,PASS,,
sp_pale_giant_squirrel,1,"This squirrel is a genuine giant, its tail alone can be longer than its whole body, and it's one of the biggest squirrels in the whole region.","https://en.wikipedia.org/wiki/Cream-coloured_giant_squirrel
https://www.ecologyasia.com/verts/mammals/cream-coloured_giant_squirrel.htm",PASS,,
sp_pale_giant_squirrel,2,"The females of this species are actually a bit heavier than the males, even though they're roughly the same length.",https://en.wikipedia.org/wiki/Cream-coloured_giant_squirrel,PASS,,
sp_pale_giant_squirrel,3,"Most squirrels sit up straight to eat, but this one hangs sideways off the branch, using its huge tail like a balancing pole.",https://en.wikipedia.org/wiki/Cream-coloured_giant_squirrel,PASS,,
sp_pale_giant_squirrel,4,"This squirrel was first officially described on Singapore Island back in 1822, but it hasn't been seen there since 1995, luckily, it still survives in Malaysia.","https://www.ecologyasia.com/verts/mammals/cream-coloured_giant_squirrel.htm
https://en.wikipedia.org/wiki/Cream-coloured_giant_squirrel",PASS,,
sp_pale_giant_squirrel,5,"The very first specimen ever used to officially describe this squirrel has actually gone missing, so scientists in 2026 had to pick a replacement specimen from 1923 to keep the species properly defined.",https://www.ecologyasia.com/verts/mammals/cream-coloured_giant_squirrel.htm,PASS,,
sp_pale_giant_squirrel,6,"This squirrel needs real, untouched rainforest to survive, it just can't cope in forests that have been heavily logged.",https://www.ecologyasia.com/verts/mammals/cream-coloured_giant_squirrel.htm,PASS,,
sp_pale_giant_squirrel,7,"When it's time to raise babies, this squirrel builds a nest so big it's about the size of an eagle's nest!",https://en.wikipedia.org/wiki/Cream-coloured_giant_squirrel,PASS,,
sp_pale_giant_squirrel,8,"It has a tiny little thumb, just enough to grip its food steady while it eats.",https://en.wikipedia.org/wiki/Cream-coloured_giant_squirrel,PASS,,
sp_pale_giant_squirrel,9,"The Borneo version of this squirrel actually looks quite different, dark on top, pale underneath, with bright orange cheeks.",https://www.ecologyasia.com/verts/mammals/cream-coloured_giant_squirrel.htm,PASS,,
sp_pale_giant_squirrel,10,"This squirrel usually stays hidden high in the canopy, but every so often it'll sneak down to steal ripe fruit from nearby farms.","https://www.ecologyasia.com/verts/mammals/cream-coloured_giant_squirrel.htm
https://www.birdforum.net/gallery/pale-giant-squirrel-sarawak.733149/",PASS,,
sp_crested_partridge,1,"This bird is so unique it's the only member of its entire genus, it has no close relatives sharing its exact family branch.",https://www.jungledragon.com/specie/1744/crested-partridge.html,PASS,,
sp_crested_partridge,2,"The male and female look almost like two different birds, one is glossy black with a wild red mohawk, the other is calm mossy green.",https://ebird.org/species/crepar1,PASS,,
sp_crested_partridge,3,Both male and female Crested Partridges have a bright red ring of bare skin around the eye and red legs without a spur or hind toe.,https://www.birdforum.net/opus/Crested_Partridge,PASS,,
sp_crested_partridge,4,"Its nest isn't up in a tree at all, it's just a hidden dip in the ground, covered over with dead leaves.","https://www.birdforum.net/opus/Crested_Partridge
https://worldspecies.org/ntaxa/902260",PASS,,
sp_crested_partridge,5,"Unlike most chicken-family chicks that peck up their own food, these babies get fed directly, beak to beak, by both mom and dad.",https://www.birdforum.net/opus/Crested_Partridge,PASS,,
sp_crested_partridge,6,"If something startles this bird, it usually just runs for cover rather than flying away.",https://www.birdforum.net/opus/Crested_Partridge,PASS,,
sp_crested_partridge,7,"This bird's home stretches from Myanmar all the way to Borneo, living in rainforests up in the hills as well as the lowlands.",https://www.pierrewildlife.com/?p=18565,PASS,,
sp_crested_partridge,8,"Bird watchers in Malaysia know exactly where to look for this bird, the Belum-Temengor forest in the north is a famous spot to find it.","https://www.mybis.gov.my/sp/22522
https://datazone.birdlife.org/species/factsheet/crested-partridge-rollulus-rouloul/refs",PASS,,
sp_crested_partridge,9,"Scientists are still deciding exactly how worried to be about this bird, some call it ""near threatened,"" others call it a step worse, ""vulnerable,"" because logging keeps shrinking its forest home.",https://datazone.birdlife.org/species/factsheet/crested-partridge-rollulus-rouloul/refs,PASS,,
sp_crested_partridge,10,"This bird weighs about as much as a small bar of soap, and the males are just a bit heavier than the females.",https://worldspecies.org/ntaxa/902260,PASS,,
sp_sambar,1,"Male Sambar are among the largest deer in Southeast Asia, reaching up to about 1.6 m at the shoulder and around 260 kg.",https://www.ecologyasia.com/verts/mammals/sambar.htm,PASS,,
sp_sambar,2,"Only males grow antlers, which usually have three points and can reach about 110 cm long.",https://en.wikipedia.org/wiki/Sambar_deer,PASS,,
sp_sambar,3,"Their shaggy coat ranges from yellowish-brown to dark grey, and males usually have a more noticeable dense mane around the neck.",https://en.wikipedia.org/wiki/Sambar_deer,PASS,,
sp_sambar,4,"Sambar are mainly active at dusk and during the night, and they are often seen feeding around forest edges.","https://www.ecologyasia.com/verts/mammals/sambar.htm
https://en.wikipedia.org/wiki/Sambar_deer",PASS,,
sp_sambar,5,"They eat many kinds of plants, including grasses, leaves, vines, fallen fruits and even water plants.","https://www.ecologyasia.com/verts/mammals/sambar.htm
https://en.wikipedia.org/wiki/Sambar_deer",PASS,,
sp_sambar,6,"Adult males usually live alone for much of the year, while females live in small groups; in some places an average group contains only three or four deer.",https://en.wikipedia.org/wiki/Sambar_deer,PASS,,
sp_sambar,7,Sambar are strong swimmers and often gather near water.,https://en.wikipedia.org/wiki/Sambar_deer,PASS,,
sp_sambar,8,"When threatened by packs of dogs or dholes, a Sambar may raise its mane, lower its head and strike at the attackers—and it may choose shallow water as a place to defend itself.",https://en.wikipedia.org/wiki/Sambar_deer,PASS,,
sp_sambar,9,"When sensing danger, a Sambar can stamp its feet and make a loud ringing alarm call known as “pooking” or “belling.”",https://en.wikipedia.org/wiki/Sambar_deer,PASS,,
sp_sambar,10,Females usually give birth to one calf after a pregnancy of about eight months; the calf begins eating solid food when it is only around 5–14 days old.,"https://www.ecologyasia.com/verts/mammals/sambar.htm
https://en.wikipedia.org/wiki/Sambar_deer",PASS,,
sp_crested_serpent_eagle,1,"This eagle hunts snakes for a living, and its legs are covered in tough, armor-like scales so it doesn't get bitten!",https://www.frim.gov.my/quicklinks/crested-serpent-eagle-the-snake-hunter/,PASS,,
sp_crested_serpent_eagle,2,"The Crested Serpent Eagle's call has been described as sounding like ""iluii..kii-kii-kii-kiiluii,"" similar to the sound of a bicycle pump.",https://www.frim.gov.my/quicklinks/crested-serpent-eagle-the-snake-hunter/,PASS,,
sp_crested_serpent_eagle,3,"Unlike most eagles that stay high up, this one has been seen just walking around on the ground at a forest research centre in Selangor!",https://www.frim.gov.my/quicklinks/crested-serpent-eagle-the-snake-hunter/,PASS,,
sp_crested_serpent_eagle,4,"The Crested Serpent Eagle's species name, ""cheela,"" is derived from the Hindi word for kites, a different group of raptors.",http://aladdin.st/bird-watching/asean/crested_serpent_eagle.html,PASS,,
sp_crested_serpent_eagle,5,"The Crested Serpent Eagle has been officially recorded across every state of Peninsular and East Malaysia, plus the Federal Territory of Putrajaya.",https://www.mybis.gov.my/sp/22546,PASS,,
sp_crested_serpent_eagle,6,"In India these eagles often patch up an old nest to use again, but in Penang, scientists found they build a brand new one every single year.","https://en.wikipedia.org/wiki/Crested_serpent_eagle
http://aladdin.st/bird-watching/asean/crested_serpent_eagle.html",PASS,,
sp_crested_serpent_eagle,7,"Small birds called cinereous tits like to build their nests right next to this eagle's nest, using it like a bodyguard against crows!",https://en.wikipedia.org/wiki/Crested_serpent_eagle,PASS,,
sp_crested_serpent_eagle,8,"Snakes and lizards are its favourite meals, but this eagle isn't picky, it'll eat frogs, fish, and even giant earthworms too.",https://en.wikipedia.org/wiki/Crested_serpent_eagle,PASS,,
sp_crested_serpent_eagle,9,"Scientists tracking this eagle found it spends almost the whole day just sitting still, waiting patiently for the right moment to strike.",https://en.wikipedia.org/wiki/Crested_serpent_eagle,PASS,,
sp_crested_serpent_eagle,10,"Mother eagles usually lay just one egg at a time, and it takes almost six weeks to hatch before the chick is finally ready to fly, two months later.",https://en.wikipedia.org/wiki/Crested_serpent_eagle,PASS,,
sp_horse_tailed_squirrel,1,"Out of its whole squirrel family group, this one wins for being both the biggest and the most colourful.","https://animaldiversity.org/accounts/Sundasciurus_hippurus
https://en.wikipedia.org/wiki/Horse-tailed_squirrel",PASS,,
sp_horse_tailed_squirrel,2,"Its name promises a horse-like tail, but honestly it just looks like a thick, glossy squirrel tail, no horse resemblance at all!","https://animaldiversity.org/accounts/Sundasciurus_hippurus
https://www.ecologyasia.com/verts/mammals/horse-tailed_squirrel.htm",PASS,,
sp_horse_tailed_squirrel,3,"Its tail is actually longer than its whole body, and altogether it weighs about as much as a can of soda.","https://en.wikipedia.org/wiki/Horse-tailed_squirrel
https://animaldiversity.org/accounts/Sundasciurus_hippurus",PASS,,
sp_horse_tailed_squirrel,4,"When scientists first described this squirrel in 1831 they thought it came from Java, but later research pinned its true origin down to Malacca in Malaysia.",https://zenodo.org/records/11332181,PASS,,
sp_horse_tailed_squirrel,5,"While a lot of squirrels come out at night, this one prefers the daytime, and usually keeps to itself or travels with just one partner.",https://animaldiversity.org/accounts/Sundasciurus_hippurus,PASS,,
sp_horse_tailed_squirrel,6,"It does most of its eating and climbing partway up the trees, but goes all the way to the very top of the forest just to build its nest.",https://animaldiversity.org/accounts/Sundasciurus_hippurus,PASS,,
sp_horse_tailed_squirrel,7,"Listen for a sharp ""CHEK! CHEK!"" sound followed by rapid chattering, that's how this squirrel talks to its neighbours.",https://animaldiversity.org/accounts/Sundasciurus_hippurus,PASS,,
sp_horse_tailed_squirrel,8,"This squirrel has confirmed sightings on record in two Malaysian states, Johor and Perak.",https://www.mybis.gov.my/sp/20552,PASS,,
sp_horse_tailed_squirrel,9,"Every time it eats fruit and moves on, this squirrel is secretly helping plant new trees across the forest.",https://animaldiversity.org/accounts/Sundasciurus_hippurus,PASS,,
sp_horse_tailed_squirrel,10,"Even though it isn't endangered yet, this squirrel's numbers could drop if its forest home keeps disappearing.","https://animaldiversity.org/accounts/Sundasciurus_hippurus
https://en.wikipedia.org/wiki/Horse-tailed_squirrel",PASS,,
sp_bearded_pig,1,"This pig grows a real beard, and the older it gets, the longer and bushier it grows!","https://www.mybis.gov.my/art/322
https://www.ecologyasia.com/verts/mammals/bearded_pig.htm",PASS,,
sp_bearded_pig,2,"The bearded pigs on the Malaysian Peninsula and the ones in Borneo are actually two different subspecies, you can tell them apart by their coat colour.","https://www.mybis.gov.my/art/322
https://en.wikipedia.org/wiki/Bornean_bearded_pig",PASS,,
sp_bearded_pig,3,"Unlike most pigs, both the males and the females of this species grow tusks, and they can get as long as a school ruler!",https://www.mybis.gov.my/art/322,PASS,,
sp_bearded_pig,4,"Once every few years, Borneo's forest trees produce a giant burst of fruit all at once, and bearded pigs travel in herds of over a thousand animals to feast on it.",https://www.mybis.gov.my/art/322,PASS,,
sp_bearded_pig,5,"To follow the food, these pigs will swim across rivers, and some have even swum all the way out to islands off the coast.","https://forestry.sarawak.gov.my/web/subpage/webpage_view/865
https://www.mybis.gov.my/art/322",PASS,,
sp_bearded_pig,6,"Before her piglets are born, a mother bearded pig actually builds a nest out of branches and shrubs, something no other animal in Borneo does.",https://forestry.sarawak.gov.my/web/subpage/webpage_view/865,PASS,,
sp_bearded_pig,7,A mother bearded pig can give birth to as many as 11 piglets at once!,"https://forestry.sarawak.gov.my/web/subpage/webpage_view/865
https://www.ecologyasia.com/verts/mammals/bearded_pig.htm",PASS,,
sp_bearded_pig,8,"In Sabah, people smoke this pig's meat into a local delicacy you can buy right along the roadside.",https://www.mybis.gov.my/art/322,PASS,,
sp_bearded_pig,9,"If you spot rounded, symmetric hoofprints in the forest with extra little toe marks, you might be looking at a bearded pig's tracks.",https://forestry.sarawak.gov.my/web/subpage/webpage_view/865,PASS,,
sp_bearded_pig,10,"This pig's giant travelling herds used to be a common sight, but forests being cut down have made them much rarer to spot today.","https://www.mybis.gov.my/art/322
https://en.wikipedia.org/wiki/Bornean_bearded_pig",PASS,,
sp_wild_boar,1,"In Malaysia, this pig doesn't just live in the jungle, it also wanders through mangrove swamps, snacking on crabs and shellfish.",https://www.ecologyasia.com/verts/mammals/wild_pig.htm,PASS,,
sp_wild_boar,2,"The wild boars living in Malaysia are actually smaller than their related species elsewhere in the world, small enough that scientists think they're their own special subspecies.","https://www.ecologyasia.com/verts/mammals/wild_pig.htm
https://en.wikipedia.org/wiki/Wild_boar",PASS,,
sp_wild_boar,3,"Mother pigs and their babies like to travel together in a big group, sometimes up to 20 of them, but the fully grown males usually go it alone.","https://www.ecologyasia.com/verts/mammals/wild_pig.htm
https://en.wikipedia.org/wiki/Wild_boar",PASS,,
sp_wild_boar,4,"Baby wild boars are born with cute racing stripes down their sides, but those stripes disappear as they grow into adults.",https://www.ecologyasia.com/verts/mammals/wild_pig.htm,PASS,,
sp_wild_boar,5,"These pigs love a good mud bath, and using the same muddy spot over and over might actually help them get rid of ticks and other pests stuck to their skin.",https://www.ecologyasia.com/verts/mammals/wild_pig.htm,PASS,,
sp_wild_boar,6,"This pig isn't a picky eater at all, worms, potatoes, fruit, even dead animals are all fair game, and it can live up to 25 years!",https://zootaiping.gov.my/en/animal/188/details,PASS,,
sp_wild_boar,7,"A male wild boar's tusks never stop growing throughout its life, and wild boars in cold countries actually grow much bigger than ones living near the equator.","https://zootaiping.gov.my/en/animal/188/details
https://en.wikipedia.org/wiki/Wild_boar",PASS,,
sp_wild_boar,8,"This pig has been officially spotted in states all across Malaysia, from Kedah in the north to Johor in the south.",https://www.mybis.gov.my/sp/20534,PASS,,
sp_wild_boar,9,Nearly every farm pig in the world today can trace its family tree back to wild boars that first appeared right here in Southeast Asia.,https://en.wikipedia.org/wiki/Wild_boar,PASS,,
sp_wild_boar,10,"This pig's closest living species, the bearded pig, also lives right here on the Malay Peninsula.",https://en.wikipedia.org/wiki/Wild_boar,PASS,,
sp_asian_blue_quail,1,"This tiny bird has so many nicknames, blue-breasted quail, painted quail, king quail, it's like it can't decide what to be called!","https://en.wikipedia.org/wiki/King_quail
https://app.birda.org/species-guide/1475/King_Quail",PASS,,
sp_asian_blue_quail,2,"Out of every chicken, pheasant, and turkey relative on the planet, this tiny quail is the smallest and lightest of them all.",https://en.wikipedia.org/wiki/King_quail,PASS,,
sp_asian_blue_quail,3,"The males look like they're dressed up in blue and orange, but the females wear a much plainer brown outfit.",https://ebird.org/species/blbqua1,PASS,,
sp_asian_blue_quail,4,"Listen for a sad sounding ""tew-tew"" whistle, that's a male Asian Blue Quail calling out.",https://ebird.org/species/blbqua1,PASS,,
sp_asian_blue_quail,5,"This bird has its own official listing in Malaysia's wildlife records, just under a slightly different name, Blue Breasted Quail.",https://www.mybis.gov.my/sp/53861,PASS,,
sp_asian_blue_quail,6,"This little bird's family is spread out across an enormous area, from China all the way down to Australia.",https://en.wikipedia.org/wiki/King_quail,PASS,,
sp_asian_blue_quail,7,"Male quails actually battle each other to win the chance to mate, and the winner gets to be extra popular.",https://app.birda.org/species-guide/1475/King_Quail,PASS,,
sp_asian_blue_quail,8,"Mother quails wait until every single egg is laid before they start sitting on them, then it takes about 16 days for the chicks to hatch.",https://app.birda.org/species-guide/1475/King_Quail,PASS,,
sp_asian_blue_quail,9,"If this quail gets scared, it shoots straight up into the air, so fast that keepers have to pad the roof of its cage to stop it from bumping its head!",https://creatures.com/species/king-quail,PASS,,
sp_asian_blue_quail,10,"Over a hundred years ago, people tried to bring this quail to New Zealand to live there, but it just didn't work out.",https://en.wikipedia.org/wiki/King_quail,PASS,,
sp_asiatic_striped_squirrels,1,"This squirrel belongs to a whole family of striped squirrel cousins across Asia, but the exact kind you'd spot in Malaysia has its own special name, Asiatic Striped Squirrels.","https://en.wikipedia.org/wiki/Asiatic_striped_squirrel
https://www.ecologyasia.com/verts/mammals/southeast-asian-striped_squirrel.htm
https://www.mammaldiversity.org/taxon/1006885/
",PASS,,
sp_asiatic_striped_squirrels,2,"This squirrel used to be considered just a variety of another squirrel, but scientists recently decided it deserves to be called its own species.","https://www.ecologyasia.com/verts/mammals/southeast-asian-striped_squirrel.htm
https://www.mammaldiversity.org/taxon/1006885/",PASS,,
sp_asiatic_striped_squirrels,3,"Its tail is actually longer than its whole body, and the whole squirrel weighs about as much as a few chocolate bars.",https://www.ecologyasia.com/verts/mammals/southeast-asian-striped_squirrel.htm,PASS,,
sp_asiatic_striped_squirrels,4,"Its back looks like it's wearing a tiny racing jacket, with a black stripe down the middle and pale stripes running alongside it.",https://en.wikipedia.org/wiki/Asiatic_striped_squirrel,PASS,,
sp_asiatic_striped_squirrels,5,"This squirrel almost never touches the ground, it spends its whole life up in the trees.",https://www.ecologyasia.com/verts/mammals/southeast-asian-striped_squirrel.htm,PASS,,
sp_asiatic_striped_squirrels,6,"If you visit Fraser's Hill in Malaysia, keep your eyes on the trees, this is one of the places where this squirrel has actually been photographed.",https://www.ecologyasia.com/verts/mammals/southeast-asian-striped_squirrel.htm,PASS,,
sp_asiatic_striped_squirrels,7,"This squirrel usually likes mountain forests high up, but in one part of Thailand it lives right down at sea level among limestone cliffs.",https://www.ecologyasia.com/verts/mammals/southeast-asian-striped_squirrel.htm,PASS,,
sp_asiatic_striped_squirrels,8,"It darts between trees so quickly hunting for fruit and bugs that its stripes help it disappear against the bark, you can easily miss it!",https://www.ecologyasia.com/verts/mammals/southeast-asian-striped_squirrel.htm,PASS,,
sp_asiatic_striped_squirrels,9,"Even scientists are still figuring out exactly how many different kinds of these striped squirrels exist, new DNA studies keep finding more!",https://www.ncbi.nlm.nih.gov/pmc/articles/PMC12893811/,PASS,,
sp_asiatic_striped_squirrels,10,"Travel far enough east into Thailand and this squirrel disappears, replaced by a closely related species instead.",https://www.ecologyasia.com/verts/mammals/southeast-asian-striped_squirrel.htm,PASS,,
sp_chestnut_capped_babbler,1,"This little bird lives across a huge stretch of Asia, from India all the way to the islands of Java and Bali.","https://en.wikipedia.org/wiki/Chestnut-capped_babbler
https://the-birds.net/birds/chestnut-capped.babbler.html",PASS,,
sp_chestnut_capped_babbler,2,"This bird is so light it would barely tip a kitchen scale, about as heavy as a few sheets of paper!","https://en.wikipedia.org/wiki/Chestnut-capped_babbler
https://the-birds.net/birds/chestnut-capped.babbler.html",PASS,,
sp_chestnut_capped_babbler,3,"It wears a rusty orange cap on its head and a black mask around its eyes, like a tiny masked bandit.","https://en.wikipedia.org/wiki/Chestnut-capped_babbler
https://ebird.org/species/chcbab1",PASS,,
sp_chestnut_capped_babbler,4,"You can tell a male from a female by looking closely at its eyes, males have reddish eyes, females have dark ones.",https://en.wikipedia.org/wiki/Chestnut-capped_babbler,PASS,,
sp_chestnut_capped_babbler,5,"This bird likes to hide out in tall grass and reeds, not high up in the treetops.","https://en.wikipedia.org/wiki/Chestnut-capped_babbler
https://shanghaibirding.com/?p=31595",PASS,,
sp_chestnut_capped_babbler,6,"It usually hangs out in a small gang of six to eight friends, sneaking through the grass so well you almost never see it.",https://indianbirds.in/wp-content/uploads/2025/06/IB_21_2_Pramanik_Deuti_ChestnutcappedBabbler.pdf,PASS,,
sp_chestnut_capped_babbler,7,"Listen closely in the reeds and you might hear this bird's chattering, metallic sounding call as it moves through the grass with its flock.",https://ebird.org/species/chcbab1,PASS,,
sp_chestnut_capped_babbler,8,"Both mom and dad build the nest together, weaving a little round hut out of dry grass and straw with a doorway on the side.",https://en.wikipedia.org/wiki/Chestnut-capped_babbler,PASS,,
sp_chestnut_capped_babbler,9,"Its favorite foods are caterpillars and beetles, it's basically a tiny bug hunting machine.",https://en.wikipedia.org/wiki/Chestnut-capped_babbler,PASS,,
sp_chestnut_capped_babbler,10,"Even though there are still lots of these birds around, their grassy homes are shrinking, in one part of India, grasslands are even being cleared just to grow flowers for the flower trade.",https://en.wikipedia.org/wiki/Chestnut-capped_babbler,PASS,,
sp_large_spotted_civet,1,"This civet is in serious trouble, more than half its population has disappeared over the last few decades.","https://en.wikipedia.org/wiki/Large-spotted_civet
https://palmoildetectives.com/2021/01/24/large-spotted-civet-viverra-megaspila/",PASS,,
sp_large_spotted_civet,2,"Even though this civet has been found across Peninsular Malaysia, scientists have almost never seen one, it's incredibly rare and hard to spot.",https://smallcarnivoreconservation.com/index.php/sccg/article/download/7833/10464/40371,PASS,,
sp_large_spotted_civet,3,Scientists have put this civet on their must-study list because almost nobody knows much about how it lives.,https://smallcarnivoreconservation.com/index.php/sccg/article/download/7833/10464/40371,PASS,,
sp_large_spotted_civet,4,"This civet has already vanished from some countries where it used to live, and in others it's barely hanging on.","https://en.wikipedia.org/wiki/Large-spotted_civet
https://smallcarnivoreconservation.com/index.php/sccg/article/download/7833/10464/40371
",PASS,,
sp_large_spotted_civet,5,"None of these civets look exactly alike, their spots can be big or small, and sometimes they blend together into stripes!",https://en.wikipedia.org/wiki/Large-spotted_civet,PASS,,
sp_large_spotted_civet,6,"Its tail stripes don't go all the way around, they mostly show up on the sides and underneath, not on top.",https://en.wikipedia.org/wiki/Large-spotted_civet,PASS,,
sp_large_spotted_civet,7,"This civet is roughly as long as a golf bag from nose to tail, and weighs about as much as a medium sized dog.",https://en.wikipedia.org/wiki/Large-spotted_civet,PASS,,
sp_large_spotted_civet,8,"Scientists still don't really know what this civet eats or how it behaves, it's just too elusive to study closely.",https://en.wikipedia.org/wiki/Large-spotted_civet,PASS,,
sp_large_spotted_civet,9,This civet's biggest dangers are losing its forest home and getting caught in hunting traps.,"https://en.wikipedia.org/wiki/Large-spotted_civet
https://palmoildetectives.com/2021/01/24/large-spotted-civet-viverra-megaspila/",PASS,,
sp_large_spotted_civet,10,"Scientists used to argue about whether this civet and its Indian cousin were actually the same animal, today they're considered two different species.",https://en.wikipedia.org/wiki/Large-spotted_civet,PASS,,
sp_malay_civet,1,"This civet is named after Malaysia for a reason, it has been spotted in states all across the country, from Kedah to Sarawak!","https://www.mybis.gov.my/sp/20512
https://en.wikipedia.org/wiki/Malayan_civet",PASS,,
sp_malay_civet,2,"This civet is a protected animal in Malaysia, meaning it's against the law to hunt it just for fun.",https://www.jungledragon.com/specie/33153/malayan-civet.html,PASS,,
sp_malay_civet,3,"Flip its tail over and you'll see a totally different pattern, black on top, striped underneath!",https://en.wikipedia.org/wiki/Malayan_civet,PASS,,
sp_malay_civet,4,"It's covered in black spots like a leopard, plus striped collars around its neck!",https://animaldiversity.org/accounts/Viverra_tangalunga,PASS,,
sp_malay_civet,5,"If it feels threatened, this civet can release a stinky smell, just like a skunk does",https://animaldiversity.org/accounts/Viverra_tangalunga,PASS,,
sp_malay_civet,6,"It only comes out at night and mostly stays on the ground, but it's tough enough to survive even in forests disturbed by people.",https://www.ecologyasia.com/verts/mammals/malay-civet.htm,PASS,,
sp_malay_civet,7,"This civet eats almost anything, bugs, frogs, fruit, even leftover food scraps near villages!","https://www.ecologyasia.com/verts/mammals/malay-civet.htm
https://animaldiversity.org/accounts/Viverra_tangalunga",PASS,,
sp_malay_civet,8,"This civet does better in forests that haven't been cut down, mostly because there's more fruit for it to eat there.",https://en.wikipedia.org/wiki/Malayan_civet,PASS,,
sp_malay_civet,9,"Even though this civet is doing okay overall, it can still get caught in ground traps, and some farmers see it as a troublemaker because it raids chicken coops.",https://en.wikipedia.org/wiki/Malayan_civet,PASS,,
sp_malay_civet,10,"This civet is about as long as a golf club from nose to tail, and can weigh as much as a small dog.",https://www.ecologyasia.com/verts/mammals/malay-civet.htm,PASS,,
sp_large_indian_civet,1,"This civet isn't just found far away in India, it also roams the forests of Peninsular Malaysia!","https://www.ecologyasia.com/verts/mammals/large-indian-civet.htm
https://en.wikipedia.org/wiki/Large_Indian_civet",PASS,,
sp_large_indian_civet,2,"You can tell it apart from its cousin, the Malay Civet, just by counting tail rings: this one has far fewer, much bigger black bands!",https://www.ecologyasia.com/verts/mammals/large-indian-civet.htm,PASS,,
sp_large_indian_civet,3,It has a mohawk-like crest of dark hair running down its back that it can actually raise up!,https://www.ecologyasia.com/verts/mammals/large-indian-civet.htm,PASS,,
sp_large_indian_civet,4,"Around its throat it wears three bold black ""necklaces"" separated by white bands.",https://www.ecologyasia.com/verts/mammals/large-indian-civet.htm,PASS,,
sp_large_indian_civet,5,"This civet eats a strange mixed menu: fish, frogs, scorpions, and crabs are all on the table!",https://zootaiping.gov.my/en/animal/140/details,PASS,,
sp_large_indian_civet,6,"It leaves smelly ""messages"" for other civets by marking its territory with scent from special glands.",https://zootaiping.gov.my/en/animal/140/details,PASS,,
sp_large_indian_civet,7,"A large Indian civet can live 15 to 20 years, nearly as long as a family dog!",https://zootaiping.gov.my/en/animal/140/details,PASS,,
sp_large_indian_civet,8,"This civet doesn't just live in lowland jungle, it's been spotted almost 3,000 meters up in the mountains!","https://www.ecologyasia.com/verts/mammals/large-indian-civet.htm
https://en.wikipedia.org/wiki/Large_Indian_civet",PASS,,
sp_large_indian_civet,9,"Even though this civet is doing fine worldwide, in Singapore it's considered critically endangered, a reminder that local numbers can drop even when the species overall is okay.",https://www.ecologyasia.com/verts/mammals/large-indian-civet.htm,PASS,,
sp_large_indian_civet,10,"It mostly stays on the ground and hunts alone at night, but can climb trees with surprising skill when it needs to!","https://www.ecologyasia.com/verts/mammals/large-indian-civet.htm
https://zootaiping.gov.my/en/animal/140/details",PASS,,
